Data Source,World Development Indicators,,,,,,,,,,,,,,,,,,,,,,,,,,,,,,,,,,,,,,,,,,,,,,,,,,,,,,,,,,,,,,,,
Last Updated Date,2023-03-01,,,,,,,,,,,,,,,,,,,,,,,,,,,,,,,,,,,,,,,,,,,,,,,,,,,,,,,,,,,,,,,,
,,,,,,,,,,,,,,,,,,,,,,,,,,,,,,,,,,,,,,,,,,,,,,,,,,,,,,,,,,,,,,,,,
Country Name,Country Code,Indicator Name,Indicator Code,1960,1961,1962,1963,1964,1965,1966,1967,1968,1969,1970,1971,1972,1973,1974,1975,1976,1977,1978,1979,1980,1981,1982,1983,1984,1985,1986,1987,1988,1989,1990,1991,1992,1993,1994,1995,1996,1997,1998,1999,2000,2001,2002,2003,2004,2005,2006,2007,2008,2009,2010,2011,2012,2013,2014,2015,2016,2017,2018,2019,2020,2021
Aruba,ABW,Real effective exchange rate index (2010 = 100),PX.REX.REER,,,,,,,,,,,,,,,,,,,,,,,,,,,,,,,,,,,,,,,,,,,,,,,,,,,,,,,,,,,,,,
Africa Eastern and Southern,AFE,Real effective exchange rate index (2010 = 100),PX.REX.REER,,,,,,,,,,,,,,,,,,,,,,,,,,,,,,,,,,,,,,,,,,,,,,,,,,,,,,,,,,,,,,
Afghanistan,AFG,Real effective exchange rate index (2010 = 100),PX.REX.REER,,,,,,,,,,,,,,,,,,,,,,,,,,,,,,,,,,,,,,,,,,,,,,,,,,,,,,,,,,,,,,
Africa Western and Central,AFW,Real effective exchange rate index (2010 = 100),PX.REX.REER,,,,,,,,,,,,,,,,,,,,,,,,,,,,,,,,,,,,,,,,,,,,,,,,,,,,,,,,,,,,,,
Angola,AGO,Real effective exchange rate index (2010 = 100),PX.REX.REER,,,,,,,,,,,,,,,,,,,,,,,,,,,,,,,,,,,,,,,,,,,,,,,,,,,,,,,,,,,,,,
Albania,ALB,Real effective exchange rate index (2010 = 100),PX.REX.REER,,,,,,,,,,,,,,,,,,,,,,,,,,,,,,,,,,,,,,,,,,,,,,,,,,,,,,,,,,,,,,
Andorra,AND,Real effective exchange rate index (2010 = 100),PX.REX.REER,,,,,,,,,,,,,,,,,,,,,,,,,,,,,,,,,,,,,,,,,,,,,,,,,,,,,,,,,,,,,,
Arab World,ARB,Real effective exchange rate index (2010 = 100),PX.REX.REER,,,,,,,,,,,,,,,,,,,,,,,,,,,,,,,,,,,,,,,,,,,,,,,,,,,,,,,,,,,,,,
United Arab Emirates,ARE,Real effective exchange rate index (2010 = 100),PX.REX.REER,,,,,,,,,,,,,,,,,,,,,,,,,,,,,,,,,,,,,,,,,,,,,,,,,,,,,,,,,,,,,,
Argentina,ARG,Real effective exchange rate index (2010 = 100),PX.REX.REER,,,,,,,,,,,,,,,,,,,,,,,,,,,,,,,,,,,,,,,,,,,,,,,,,,,,,,,,,,,,,,
Armenia,ARM,Real effective exchange rate index (2010 = 100),PX.REX.REER,,,,,,,,,,,,,,,,,,,,,,,,,,,,,,,,,,,32.67317521,52.12209437,70.85758472,69.85380944,74.25047556,72.78114336,74.01093522,73.03479104,73.66518901,67.93751973,71.6345814,80.1308994,86.9715092,99.47673351,107.8111867,99.33641234,100,99.1272913,94.34938012,96.06647772,100.2014186,103.209217,101.8834262,98.73637709,99.46324908,101.5524668,99.41971545,94.55878442
American Samoa,ASM,Real effective exchange rate index (2010 = 100),PX.REX.REER,,,,,,,,,,,,,,,,,,,,,,,,,,,,,,,,,,,,,,,,,,,,,,,,,,,,,,,,,,,,,,
Antigua and Barbuda,ATG,Real effective exchange rate index (2010 = 100),PX.REX.REER,,,,,,,,,,,,,,,,,,,,128.014054,132.3406856,145.1082259,149.8902001,154.1696943,162.3783394,160.8032951,141.4301687,131.9455945,132.857552,136.2063601,131.4297525,133.1046016,131.0703073,139.0343286,117.0482952,113.4384788,115.4059549,115.3914062,119.5195126,116.9977031,114.6684504,116.984542,117.7650331,114.0778654,110.9369946,108.341039,106.1567729,98.21812884,95.37411295,99.83677352,100,96.66617426,100.7410756,99.96002768,100.3088575,110.3459267,111.7049798,111.5491331,108.1957845,111.7959614,111.0186779,105.7356185
Australia,AUS,Real effective exchange rate index (2010 = 100),PX.REX.REER,,,,,,,,,,,,,,,,,,,,,92.30808193,100.2508565,100.6449145,98.59317214,101.7095927,85.60019597,74.87432542,74.72091014,82.66011201,88.70185899,86.51704803,85.13431522,76.91493875,71.60143806,75.18090092,73.49697343,80.37835155,79.964093,73.2541561,73.50704339,70.44146279,67.56690417,70.85730399,79.36820293,85.42290219,87.9667003,87.24123564,92.33519597,90.37390416,87.59393688,100,106.9638534,109.0240074,103.4758206,98.34144544,89.82023394,91.00207333,93.78250773,89.96307172,86.02580988,85.30065234,90.50263142
Austria,AUT,Real effective exchange rate index (2010 = 100),PX.REX.REER,,,,,,,,,,,,,,,,,,,,97.74196648,97.81976327,94.62324475,95.89152492,95.90273055,96.75205409,96.41264488,100.6228285,103.368677,103.0565907,101.8092541,103.6210209,101.5817785,103.3987708,106.1123216,106.7863927,110.8563507,108.3115716,103.650735,103.2682929,101.4749721,98.31757246,98.46403575,99.27372635,102.7759854,103.9156565,102.8692113,102.0036217,102.5745057,102.7434745,103.594047,100,100.2553106,98.39044624,100.5016187,101.819024,98.33154115,99.87578228,100.9880312,102.8467206,101.7319921,103.5640683,103.8512136
Azerbaijan,AZE,Real effective exchange rate index (2010 = 100),PX.REX.REER,,,,,,,,,,,,,,,,,,,,,,,,,,,,,,,,,,,,,,,,,,,,,,,,,,,,,,,,,,,,,,
Burundi,BDI,Real effective exchange rate index (2010 = 100),PX.REX.REER,,,,,,,,,,,,,,,,,,,,188.4460283,173.6000358,209.5198714,230.658105,248.8533004,230.8328156,235.9859044,202.4599066,173.1644055,152.6075322,154.6921843,135.8946327,139.0979468,121.6717712,119.0451404,123.3118736,130.2303009,134.2865793,158.884924,145.0713806,119.3667532,123.7145932,118.6922245,103.3941776,84.43702097,81.33316988,89.05767627,91.71468955,86.67186218,89.00548375,96.76696871,100,100.8945824,102.6863858,100.645474,104.324544,117.4342197,118.8971664,129.1025259,117.92062,114.0701762,116.1249,116.4156115
Belgium,BEL,Real effective exchange rate index (2010 = 100),PX.REX.REER,,,,,,,,,,,,,,,,,,,,118.1496727,112.9884864,104.9960441,95.77035687,94.69187406,94.10053219,95.26646567,99.21444881,102.3409786,100.1047379,98.91505957,103.1522786,101.6274561,102.5218353,102.4429887,104.1341874,107.9517009,105.2073816,98.9154515,98.72875061,97.00490165,93.01311103,93.62740164,95.10960164,99.70231308,101.3043425,101.0498946,100.6099039,101.4172521,104.147732,104.2134291,100,100.7510963,98.47840151,100.2003188,99.95014666,94.51496147,97.40850259,98.85217537,101.2700408,99.80450408,101.1544021,101.3239147
Benin,BEN,Real effective exchange rate index (2010 = 100),PX.REX.REER,,,,,,,,,,,,,,,,,,,,,,,,,,,,,,,,,,,,,,,,,,,,,,,,,,,,,,,,,,,,,,
Burkina Faso,BFA,Real effective exchange rate index (2010 = 100),PX.REX.REER,,,,,,,,,,,,,,,,,,,,,,,,,,,,,,,,,,,,,,,,,,,,,,,,,,,,,,,,,,,,,,
Bangladesh,BGD,Real effective exchange rate index (2010 = 100),PX.REX.REER,,,,,,,,,,,,,,,,,,,,,,,,,,,,,,,,,,,,,,,,,,,,,,,,,,,,,,,,,,,,,,
Bulgaria,BGR,Real effective exchange rate index (2010 = 100),PX.REX.REER,,,,,,,,,,,,,,,,,,,,,,,,,,,,,,,,,,51.40935515,45.46028267,53.58837242,46.22099265,56.50691693,65.42557327,67.05781355,69.25521655,72.50136521,75.70335456,78.90516163,82.74728819,83.04663319,86.63796012,91.65334937,99.65979391,103.8760296,100,101.4509988,100.0184043,100.88599,100.1692768,97.06519141,97.28249381,98.53115737,101.8315396,102.3619308,105.262272,106.6591504
Bahrain,BHR,Real effective exchange rate index (2010 = 100),PX.REX.REER,,,,,,,,,,,,,,,,,,,,,174.7050539,193.4380538,216.6810907,224.6600116,229.8351918,223.3794746,181.9942724,157.3327893,145.8034106,148.02134,135.9485328,131.0665561,124.3358831,130.482751,125.9685324,120.1269058,119.4435957,127.314042,130.2086333,126.367817,129.2125498,133.1330045,136.2268335,125.6690759,114.9284056,109.1205533,111.9880876,105.087805,97.84062237,102.4372277,100,93.13252846,95.70295962,97.616699,98.9179806,105.7501885,108.9695334,109.4229725,108.3778615,110.7942791,107.2169888,102.2941915
"Bahamas, The",BHS,Real effective exchange rate index (2010 = 100),PX.REX.REER,,,,,,,,,,,,,,,,,,,,,101.249653,106.3993649,109.3118327,112.5824462,115.8120133,118.2789534,114.4368289,112.0621644,110.849585,112.9545727,109.405399,112.7928548,115.664167,118.1881627,113.5685412,106.9219675,107.2454692,111.7357719,118.0793478,115.231091,117.1260657,120.5145266,119.1117592,113.0582627,105.9761633,102.0527672,101.0694887,99.41672851,98.40491362,101.0847016,100,99.33979129,99.2657896,98.70466309,99.03080619,102.2605334,101.2867261,100.8679286,100.4882658,102.0574728,100.5010946,97.53515423
Bosnia and Herzegovina,BIH,Real effective exchange rate index (2010 = 100),PX.REX.REER,,,,,,,,,,,,,,,,,,,,,,,,,,,,,,,,,,,,,,,,,,,,,,,,,,,,,,,,,,,,,,
Belarus,BLR,Real effective exchange rate index (2010 = 100),PX.REX.REER,,,,,,,,,,,,,,,,,,,,,,,,,,,,,,,,,,,,,,,,,,,,,,,,,,,,,,,,,,,,,,
Belize,BLZ,Real effective exchange rate index (2010 = 100),PX.REX.REER,,,,,,,,,,,,,,,,,,,,,111.2872384,119.0416225,122.031821,126.0616239,131.1633619,141.6822212,126.8918412,117.6899007,115.1134058,115.8365666,109.921165,106.4881359,103.2109803,104.9981743,104.6378497,102.6245325,106.8048493,108.3283796,111.742451,112.4663536,114.1924836,115.2443691,114.6873311,111.8957927,108.4060889,105.9230615,106.4427868,101.2478198,99.83842573,102.5983355,100,95.36931056,96.98207671,95.4901302,96.44583888,102.8583219,105.0494037,104.886009,103.5998836,103.9933583,103.6611738,100.213057
Bermuda,BMU,Real effective exchange rate index (2010 = 100),PX.REX.REER,,,,,,,,,,,,,,,,,,,,,,,,,,,,,,,,,,,,,,,,,,,,,,,,,,,,,,,,,,,,,,
Bolivia,BOL,Real effective exchange rate index (2010 = 100),PX.REX.REER,,,,,,,,,,,,,,,,,,,,,173.9215221,220.8667909,238.5043638,222.4464544,293.4410797,503.7131092,147.4949458,140.04546,133.8914206,128.8580039,106.3202511,110.4601024,108.5780445,107.4945639,102.5658184,99.83068572,104.470156,106.7711795,111.6563094,114.9788994,113.1242018,111.1467059,109.5228788,98.57129618,92.12038833,87.04950345,85.48677321,86.65685325,97.21678477,105.9556901,100,102.2907036,106.6598939,112.2921162,120.1548877,137.6513739,143.4870262,140.7829138,144.1473224,150.7619482,158.9531612,152.4059535
Brazil,BRA,Real effective exchange rate index (2010 = 100),PX.REX.REER,,,,,,,,,,,,,,,,,,,,,84.22898012,97.93345652,106.155269,81.42911351,72.62242862,70.24093532,67.03879095,69.58265418,69.0236373,92.43059393,114.5594715,96.3125221,84.7211019,89.08707692,92.80809347,101.5445702,107.128998,109.8790424,106.8182405,71.01461326,76.57292818,63.93932594,60.93775731,57.59516329,60.4518251,73.46500341,81.73135489,87.43495293,90.37486361,89.1627395,100,103.1833448,92.01086851,86.45418455,84.61974422,69.65278055,73.25991873,79.76482703,71.44100728,70.02253227,55.59018559,53.78324492
Barbados,BRB,Real effective exchange rate index (2010 = 100),PX.REX.REER,,,,,,,,,,,,,,,,,,,,,,,,,,,,,,,,,,,,,,,,,,,,,,,,,,,,,,,,,,,,,,
Brunei Darussalam,BRN,Real effective exchange rate index (2010 = 100),PX.REX.REER,,,,,,,,,,,,,,,,,,,,,,,,,,,,,,,,,,,,,,,,,,,,,,,,,,,,,,,,,,,,,,
Bhutan,BTN,Real effective exchange rate index (2010 = 100),PX.REX.REER,,,,,,,,,,,,,,,,,,,,,,,,,,,,,,,,,,,,,,,,,,,,,,,,,,,,,,,,,,,,,,
Botswana,BWA,Real effective exchange rate index (2010 = 100),PX.REX.REER,,,,,,,,,,,,,,,,,,,,,,,,,,,,,,,,,,,,,,,,,,,,,,,,,,,,,,,,,,,,,,
Central African Republic,CAF,Real effective exchange rate index (2010 = 100),PX.REX.REER,,,,,,,,,,,,,,,,,,,,,202.9009223,177.2745985,174.3806209,178.8934173,168.6019973,179.7673801,188.6297731,174.2361481,160.8201367,153.9354694,155.6075733,144.1243011,141.3102455,132.6372235,83.0781478,98.17493893,99.99377435,96.45450633,94.20142859,90.11831326,87.2659172,89.14669423,91.09945519,97.12938811,94.17659604,93.32241979,96.71706232,97.7192015,104.3855971,106.6285361,100,98.41124269,97.45773742,105.1714888,119.8201544,112.611603,118.7275546,122.5487443,125.9349817,125.1524857,127.7382107,130.531142
Canada,CAN,Real effective exchange rate index (2010 = 100),PX.REX.REER,,,,,,,,,,,,,,,,,,,,93.87947891,92.24086674,96.85528594,103.3776194,107.9771171,105.9446651,102.1922012,92.47724297,92.61844982,97.8678146,104.853626,103.7050096,106.6397949,97.79217636,91.42315964,83.52110095,80.79813923,81.66858362,80.88458168,76.18320857,75.25676499,75.62547501,73.40383431,72.7627918,80.95086896,85.44230082,90.53838225,95.53417466,98.59498542,95.98554268,91.57497322,100,101.5629878,101.0742358,97.49939566,91.51781557,83.26603841,81.70879938,82.92698611,82.42591071,81.71632434,80.83333454,84.74901365
Central Europe and the Baltics,CEB,Real effective exchange rate index (2010 = 100),PX.REX.REER,,,,,,,,,,,,,,,,,,,,,,,,,,,,,,,,,,,,,,,,,,,,,,,,,,,,,,,,,,,,,,
Switzerland,CHE,Real effective exchange rate index (2010 = 100),PX.REX.REER,,,,,,,,,,,,,,,,,,,,93.06879465,85.69070674,84.98346523,89.9491983,91.41600352,88.53515861,86.86900213,92.68392384,96.22565824,95.03039457,89.68669783,96.03021967,95.36391734,93.61527877,95.6594911,100.1236938,106.698769,103.5290383,95.34215076,96.56605525,94.73341883,92.29332072,94.68256493,98.07989453,98.3653302,97.35813482,95.47753788,92.89630517,89.0422299,92.52413315,96.08679731,100,109.4711042,105.3401773,103.6178556,104.2554911,110.4764077,108.1559346,106.0975004,103.224991,104.1852653,108.0944826,105.4145416
Channel Islands,CHI,Real effective exchange rate index (2010 = 100),PX.REX.REER,,,,,,,,,,,,,,,,,,,,,,,,,,,,,,,,,,,,,,,,,,,,,,,,,,,,,,,,,,,,,,
Chile,CHL,Real effective exchange rate index (2010 = 100),PX.REX.REER,,,,,,,,,,,,,,,,,,,,,164.3131979,194.806387,175.6924754,143.9008025,142.6875419,120.7238829,101.6557811,93.39143296,87.75024662,90.11810587,86.25285904,88.30094829,93.28719662,95.12466907,98.45828077,104.4129695,106.9378321,114.7724586,112.730437,107.3653264,106.504994,95.93930244,91.67128275,86.22275971,91.03603085,96.32345337,100.1402759,97.51491516,98.26258342,95.13338411,100,100.7096651,102.9021444,101.3690642,91.88495995,90.99033697,92.64397195,95.82436399,97.14981909,92.53092463,84.94808051,87.84377686
China,CHN,Real effective exchange rate index (2010 = 100),PX.REX.REER,,,,,,,,,,,,,,,,,,,,,269.7388372,242.0712861,230.9401939,226.9984624,202.3241098,171.7401555,124.0677462,107.1781515,117.1590434,136.3050621,100.5304627,88.2999833,84.54038032,89.95643842,70.52044656,78.59954773,86.35448726,92.99776287,98.00686732,92.67778794,92.75274915,96.76100302,94.55452866,88.3776094,85.84793027,84.91792664,86.25660742,89.32925507,97.00949778,101.1075106,100,102.6950425,108.6714286,114.6564687,118.3618397,130.0479363,123.8935578,120.2733165,121.961464,121.1795155,123.6044991,127.2818475
Cote d'Ivoire,CIV,Real effective exchange rate index (2010 = 100),PX.REX.REER,,,,,,,,,,,,,,,,,,,,,132.1813406,113.6116443,103.4475589,96.69446896,96.06636219,96.35690494,115.4162735,128.3673839,131.3484999,124.182272,126.1580875,121.3531977,126.6374097,124.3146818,76.93640112,88.45881639,88.55518066,86.63484509,92.50711228,91.53138597,86.56133049,89.63676766,93.20176759,99.66627605,100.9079751,101.1105408,100.880501,102.5762927,107.0451579,107.3459697,100,102.2026965,97.32855508,100.4875907,100.7118207,93.78446122,94.86282107,95.16625618,96.24749413,92.32516327,95.74373013,97.62822327
Cameroon,CMR,Real effective exchange rate index (2010 = 100),PX.REX.REER,,,,,,,,,,,,,,,,,,,,,137.3367253,126.2229017,123.4146852,128.3257522,130.5950974,136.4986375,151.1173316,169.0621001,164.3596603,151.6585267,156.2332371,149.0326621,149.9208747,139.4443266,90.21585732,96.9442888,98.03145541,97.0371697,100.4382943,99.38177673,93.68841791,96.84794233,100.3356422,103.5619686,102.9391815,99.87097693,101.5144474,102.1170063,105.0350404,106.4790875,100,100.2207516,96.45239735,98.93514757,99.68302128,93.52095364,95.44435293,96.1947631,97.62684522,96.57505748,99.43605957,99.55196273
"Congo, Dem. Rep.",COD,Real effective exchange rate index (2010 = 100),PX.REX.REER,,,,,,,,,,,,,,,,,,,,,,,,,,,,,,,,,251.1366577,339.3118546,305.0845727,236.9743563,234.2092316,223.3930039,238.8139428,368.3513032,511.0602933,245.9929915,110.4054212,91.07294748,86.99850282,85.23335824,93.91685634,91.37966809,92.59138877,96.25930991,100,105.508793,107.2335274,108.0827024,109.4867251,121.6278589,118.345929,104.1324823,118.1114159,124.8209744,126.265844,118.3114833
"Congo, Rep.",COG,Real effective exchange rate index (2010 = 100),PX.REX.REER,,,,,,,,,,,,,,,,,,,,,,,,,,,,,,,,,,,,,,,,,,,,,,,,,,,,,,,,,,,,,,
Colombia,COL,Real effective exchange rate index (2010 = 100),PX.REX.REER,,,,,,,,,,,,,,,,,,,,,136.819948,147.7254205,157.4090436,156.3260639,145.7425565,127.3984475,94.47099017,84.31978031,81.79034442,78.63885994,69.11661517,68.80281362,69.07124277,74.46215075,90.26858688,93.65981646,99.25306147,105.5315354,99.071228,89.89043628,81.40796037,78.86137727,78.66459322,68.93861674,75.18823206,84.78211358,82.98831843,92.29478479,95.30528725,90.41045183,100,100.1261601,105.3361535,101.3092986,95.8647982,77.55344551,74.1948427,77.4023118,78.27170143,73.64354761,67.9311619,65.78567157
Comoros,COM,Real effective exchange rate index (2010 = 100),PX.REX.REER,,,,,,,,,,,,,,,,,,,,,,,,,,,,,,,,,,,,,,,,,,,,,,,,,,,,,,,,,,,,,,
Cabo Verde,CPV,Real effective exchange rate index (2010 = 100),PX.REX.REER,,,,,,,,,,,,,,,,,,,,,,,,,,,,,,,,,,,,,,,,,,,,,,,,,,,,,,,,,,,,,,
Costa Rica,CRI,Real effective exchange rate index (2010 = 100),PX.REX.REER,,,,,,,,,,,,,,,,,,,,,141.4341458,77.05046885,78.98638155,95.57904064,98.29910452,101.0456705,93.15314797,89.19068558,84.09615784,88.64757305,87.50334858,80.95475501,85.6361481,88.32354412,87.63448009,89.36019113,89.54019484,90.66635138,92.57135268,90.24659292,92.13092088,95.83903774,93.60682106,87.5555545,84.80900392,84.69981163,85.29276604,86.51881362,89.12273299,90.27518398,100,101.8160247,106.1900103,110.5689578,106.4250905,114.7558021,113.9688606,108.5401591,106.1250793,106.7521819,107.8498364,97.97629941
Caribbean small states,CSS,Real effective exchange rate index (2010 = 100),PX.REX.REER,,,,,,,,,,,,,,,,,,,,,,,,,,,,,,,,,,,,,,,,,,,,,,,,,,,,,,,,,,,,,,
Cuba,CUB,Real effective exchange rate index (2010 = 100),PX.REX.REER,,,,,,,,,,,,,,,,,,,,,,,,,,,,,,,,,,,,,,,,,,,,,,,,,,,,,,,,,,,,,,
Curacao,CUW,Real effective exchange rate index (2010 = 100),PX.REX.REER,,,,,,,,,,,,,,,,,,,,,,,,,,,,,,,,,,,,,,,,,,,,,,,,,,,,,,,,,,,,,,
Cayman Islands,CYM,Real effective exchange rate index (2010 = 100),PX.REX.REER,,,,,,,,,,,,,,,,,,,,,,,,,,,,,,,,,,,,,,,,,,,,,,,,,,,,,,,,,,,,,,
Cyprus,CYP,Real effective exchange rate index (2010 = 100),PX.REX.REER,,,,,,,,,,,,,,,,,,,,,111.4957007,107.7354542,105.2199849,102.9893643,102.0349563,102.2012058,98.10382693,93.18977188,92.34191252,90.59078067,88.94425227,88.51763973,91.37052935,91.11918981,93.41313045,94.53000863,93.78380547,92.21661498,95.66580257,93.76992361,91.14930153,92.06113354,94.85265787,101.5226377,103.002062,102.3588473,101.7133876,100.9288444,103.7469027,104.6633224,100,100.0583226,97.37369192,97.39277264,96.6027512,88.19518112,87.4559913,87.5386563,89.21243287,87.49295555,87.61224264,87.70792053
Czechia,CZE,Real effective exchange rate index (2010 = 100),PX.REX.REER,,,,,,,,,,,,,,,,,,,,,,,,,,,,,,,47.05344815,43.07602181,45.06570979,52.19706802,55.2107355,56.98282066,60.6553332,61.58415244,67.15172563,65.98944181,67.03127306,71.2155734,79.41617944,78.02455222,78.7895931,83.16335595,87.61246444,90.02408035,103.5041679,99.32691703,100,101.8868346,98.42840924,96.46537867,90.87809822,88.62278659,90.97033238,94.86431078,99.24057323,99.57624504,100.1214403,104.7267889
Germany,DEU,Real effective exchange rate index (2010 = 100),PX.REX.REER,,,,,,,,,,,,,,,,,,,,121.1850948,114.5878601,104.7845227,106.6966109,107.3635738,102.6283307,99.88063136,105.758208,109.2240094,107.0027255,104.623191,107.7649506,105.8951411,110.8619468,115.1930587,115.9719435,121.1952396,116.8157904,110.1898821,110.3671955,106.8913423,99.68019006,99.66426571,100.721339,106.1292607,107.6484202,105.2175322,104.2550485,105.7700522,105.8815836,106.4638054,100,98.89740986,95.23739916,97.60672385,98.26754934,92.49933928,94.08144895,94.89857486,97.04778466,95.46906186,96.70091884,97.55450511
Djibouti,DJI,Real effective exchange rate index (2010 = 100),PX.REX.REER,,,,,,,,,,,,,,,,,,,,,,,,,,,,,,,,,,,,,,,,,,,,,,,,,,,,,,,,,,,,,,
Dominica,DMA,Real effective exchange rate index (2010 = 100),PX.REX.REER,,,,,,,,,,,,,,,,,,,,109.5004623,111.9040925,120.9369795,124.9793996,132.9795682,143.8949105,147.9025495,137.2013653,130.1480995,125.2995181,130.6858623,125.6051669,127.4798129,128.5555875,131.5846726,127.2996451,119.9888167,119.1790517,119.7382347,120.3462611,119.6336033,120.3157658,121.9377901,120.1915168,117.5473715,112.8107983,107.8613479,106.116762,102.6900045,100.0472806,101.2579853,100,95.19727912,95.54003116,94.42084781,94.07940971,97.31876179,97.92104445,96.07468993,94.14165505,95.94397489,93.94942688,89.65140988
Denmark,DNK,Real effective exchange rate index (2010 = 100),PX.REX.REER,,,,,,,,,,,,,,,,,,,,98.51057141,91.87951674,87.55847601,85.87806202,86.62066024,85.09389343,86.19296991,91.6941998,95.88033149,95.91050909,94.31865397,98.50122753,94.64839507,95.56400002,95.61741445,95.54499841,99.64968971,98.6729219,95.51380078,97.13550957,96.7324717,92.75058742,93.71465424,95.56337496,100.4966365,101.4000995,100.1385619,99.73187416,100.4032172,101.7434109,104.4623981,100,99.23230391,96.67298314,97.70521113,98.45374138,94.42771225,95.82407271,96.32297351,97.34082934,95.55011246,96.61440692,95.88612802
Dominican Republic,DOM,Real effective exchange rate index (2010 = 100),PX.REX.REER,,,,,,,,,,,,,,,,,,,,,143.6622333,146.0548153,147.8641533,141.2423492,98.48471747,113.5307819,104.001582,85.03889169,71.2527935,85.90207285,84.55203188,85.29939183,85.963876,89.70195787,93.98774165,98.83669689,102.609599,102.5041534,102.6448937,98.99722398,103.4894828,108.2516348,105.6541151,79.92366081,79.96346956,106.8550161,100.5171041,100.6749196,99.76493869,99.57812487,100,96.42317622,96.33185123,93.58233851,91.69290108,94.25818879,93.69192168,90.7934487,87.79166198,86.9687186,81.37670684,81.63105811
Algeria,DZA,Real effective exchange rate index (2010 = 100),PX.REX.REER,,,,,,,,,,,,,,,,,,,,,314.2364859,349.082201,365.1646042,382.9931025,417.2370673,449.4853055,415.0336384,367.1666654,303.8084779,260.5948659,220.5571943,131.5467716,134.9051023,161.8244119,139.7285685,117.1336742,119.6476154,129.1661655,135.5472905,125.3145492,119.4129783,123.2042161,114.2317625,103.0839831,103.5222057,101.7446253,101.3184307,99.92143866,102.2425528,100.2754513,100,99.12350871,103.9098428,101.7995939,102.9258928,96.57433569,95.58107753,97.799284,93.51292206,95.44465742,91.19400089,86.76882698
East Asia & Pacific (excluding high income),EAP,Real effective exchange rate index (2010 = 100),PX.REX.REER,,,,,,,,,,,,,,,,,,,,,,,,,,,,,,,,,,,,,,,,,,,,,,,,,,,,,,,,,,,,,,
Early-demographic dividend,EAR,Real effective exchange rate index (2010 = 100),PX.REX.REER,,,,,,,,,,,,,,,,,,,,,,,,,,,,,,,,,,,,,,,,,,,,,,,,,,,,,,,,,,,,,,
East Asia & Pacific,EAS,Real effective exchange rate index (2010 = 100),PX.REX.REER,,,,,,,,,,,,,,,,,,,,,,,,,,,,,,,,,,,,,,,,,,,,,,,,,,,,,,,,,,,,,,
Europe & Central Asia (excluding high income),ECA,Real effective exchange rate index (2010 = 100),PX.REX.REER,,,,,,,,,,,,,,,,,,,,,,,,,,,,,,,,,,,,,,,,,,,,,,,,,,,,,,,,,,,,,,
Europe & Central Asia,ECS,Real effective exchange rate index (2010 = 100),PX.REX.REER,,,,,,,,,,,,,,,,,,,,,,,,,,,,,,,,,,,,,,,,,,,,,,,,,,,,,,,,,,,,,,
Ecuador,ECU,Real effective exchange rate index (2010 = 100),PX.REX.REER,,,,,,,,,,,,,,,,,,,,,,,,,,,,,,,,,,,,,,,,,,,,,,,,,,,,,,,,,,,,,,
"Egypt, Arab Rep.",EGY,Real effective exchange rate index (2010 = 100),PX.REX.REER,,,,,,,,,,,,,,,,,,,,,,,,,,,,,,,,,,,,,,,,,,,,,,,,,,,,,,,,,,,,,,
Euro area,EMU,Real effective exchange rate index (2010 = 100),PX.REX.REER,,,,,,,,,,,,,,,,,,,,,,,,,,,,,,,,,,,,,,,,,,,,,,,,,,,,,,,,,,,,,,
Eritrea,ERI,Real effective exchange rate index (2010 = 100),PX.REX.REER,,,,,,,,,,,,,,,,,,,,,,,,,,,,,,,,,,,,,,,,,,,,,,,,,,,,,,,,,,,,,,
Spain,ESP,Real effective exchange rate index (2010 = 100),PX.REX.REER,,,,,,,,,,,,,,,,,,,,,94.08269273,88.76197627,88.58811299,77.71236062,80.04604806,81.55336019,86.7682802,90.30690527,94.57401064,100.3299848,107.2735681,107.8791549,107.3197883,95.52465872,91.11426655,92.75545316,94.64818408,90.47819147,90.96857593,90.36653506,88.44405534,90.09510716,92.1675935,96.74961386,98.69504221,99.12782765,100.4610266,102.0215529,103.9162269,103.7851275,100,100.3983648,97.97145815,99.75834164,99.2515358,93.87152389,94.67091873,95.96955457,97.85999791,95.9400977,96.30235599,97.20435334
Estonia,EST,Real effective exchange rate index (2010 = 100),PX.REX.REER,,,,,,,,,,,,,,,,,,,,,,,,,,,,,,,,,,,,,,,,,,,,,,,,,,,,,,,,,,,,,,
Ethiopia,ETH,Real effective exchange rate index (2010 = 100),PX.REX.REER,,,,,,,,,,,,,,,,,,,,,,,,,,,,,,,,,,,,,,,,,,,,,,,,,,,,,,,,,,,,,,
European Union,EUU,Real effective exchange rate index (2010 = 100),PX.REX.REER,,,,,,,,,,,,,,,,,,,,,,,,,,,,,,,,,,,,,,,,,,,,,,,,,,,,,,,,,,,,,,
Fragile and conflict affected situations,FCS,Real effective exchange rate index (2010 = 100),PX.REX.REER,,,,,,,,,,,,,,,,,,,,,,,,,,,,,,,,,,,,,,,,,,,,,,,,,,,,,,,,,,,,,,
Finland,FIN,Real effective exchange rate index (2010 = 100),PX.REX.REER,,,,,,,,,,,,,,,,,,,,112.5834695,116.5930508,119.8286179,123.2844671,119.6254012,123.6127729,124.5196105,123.7139618,126.817003,131.24331,138.3581723,142.1491461,135.2826823,117.37712,99.86564777,106.3447874,115.8145483,110.6482587,105.7373532,106.3165027,105.3673971,99.98398468,100.6307877,102.0809192,107.0605017,107.0130271,103.8324692,102.4755531,103.9526613,105.6847104,106.7040294,100,99.81013512,96.99551736,99.02602245,100.558113,96.10458969,97.37532882,96.77322408,98.62069331,96.98056891,98.17782534,97.72798494
Fiji,FJI,Real effective exchange rate index (2010 = 100),PX.REX.REER,,,,,,,,,,,,,,,,,,,,,170.0234892,174.8419562,175.5431245,174.6941687,177.1190254,179.5865996,161.5165162,137.2397657,117.1259814,117.2710544,118.3017453,121.6646916,121.9227241,126.1785174,126.5126655,124.1832809,124.6040933,128.4937989,109.4097472,109.5477538,106.1456726,107.5070691,107.7360101,115.207323,117.4077141,116.8790668,114.7039893,117.0464218,119.6902485,104.8796313,100,103.8087801,105.8602545,105.6656954,103.8724523,105.6279016,110.1574518,112.2524579,113.3491381,113.9671842,108.2830761,103.5365469
France,FRA,Real effective exchange rate index (2010 = 100),PX.REX.REER,,,,,,,,,,,,,,,,,,,,,118.9250079,113.634,108.4897819,104.4721245,102.7554777,105.3296103,109.1034245,110.3989981,108.4305399,106.2752761,109.9339832,105.8150305,107.302242,108.3867587,108.1448487,111.1129687,110.595414,105.217737,105.5901233,102.506342,97.06920598,96.75824617,98.36316807,103.7458329,105.5384431,104.0264244,103.3543398,103.8753847,104.4896789,104.5371468,100,99.21323766,96.01451311,97.33342042,97.34545805,92.04495691,93.01628992,93.49818029,95.57135088,93.89676318,94.87875945,94.34650572
Faroe Islands,FRO,Real effective exchange rate index (2010 = 100),PX.REX.REER,,,,,,,,,,,,,,,,,,,,,,,,,,,,,,,,,,,,,,,,,,,,,,,,,,,,,,,,,,,,,,
"Micronesia, Fed. Sts.",FSM,Real effective exchange rate index (2010 = 100),PX.REX.REER,,,,,,,,,,,,,,,,,,,,,,,,,,,,,,,,,,,,,,,,,,,,,,,,,,,,,,,,,,,,,,
Gabon,GAB,Real effective exchange rate index (2010 = 100),PX.REX.REER,,,,,,,,,,,,,,,,,,,,,223.6591677,199.1997545,200.9999917,197.8287118,189.8639688,195.8327903,213.2526098,209.4709073,181.2623719,214.2021,215.2755647,167.645779,151.329028,146.7029882,99.02239769,109.4646193,108.1717678,106.3575996,107.1503902,102.1481871,96.32031765,96.44454604,96.35046731,101.0245867,101.0045327,101.8476939,97.99146979,102.3562732,105.840046,106.5786298,100,98.16360811,94.79571652,95.68434035,99.03560086,92.55905947,93.61907647,95.57678928,100.8918554,100.2369347,102.5486629,101.7226305
United Kingdom,GBR,Real effective exchange rate index (2010 = 100),PX.REX.REER,,,,,,,,,,,,,,,,,,,,119.2354704,139.4111902,143.8076863,138.6736331,127.359902,121.7970592,124.1056502,115.5396231,115.3742932,118.8834009,117.1248587,119.5580366,123.6522049,120.1971867,108.6000082,108.6862981,104.0557628,106.447336,123.3188988,129.2490818,129.1048122,130.4161149,127.2600881,128.1606967,122.9323294,127.7656841,125.4283688,126.1775097,128.2694921,111.7653564,100.3064287,100,99.8293106,103.3987568,102.0769114,108.7331183,113.762624,102.5089523,97.30208326,99.03689285,98.59785696,98.74430514,102.5491067
Georgia,GEO,Real effective exchange rate index (2010 = 100),PX.REX.REER,,,,,,,,,,,,,,,,,,,,,,,,,,,,,,,,,,,31.89910579,71.22585866,89.92551464,93.81283644,91.50364078,78.27296106,85.13710411,85.13142844,82.55441704,77.98621062,83.25977674,88.76234449,93.86837783,97.21018088,107.6031302,104.539373,100,108.423213,110.3259788,107.1808026,106.3693077,98.34646299,99.19690119,96.97277441,97.57555766,92.5593512,87.99607976,87.4826822
Ghana,GHA,Real effective exchange rate index (2010 = 100),PX.REX.REER,,,,,,,,,,,,,,,,,,,,,664.8560828,1482.412425,1851.392133,3053.735787,483.647188,351.6050314,222.8708438,165.3095737,151.8604519,142.0758271,141.6610885,143.9856296,126.9422573,110.7561124,89.68069319,103.9117821,112.6485081,120.2328933,128.4233764,117.8370647,86.01087897,93.33935074,88.55420568,91.02314039,94.17445931,103.5710989,110.0500567,109.4103207,104.345251,94.75426473,100,94.61931492,88.23025955,88.478525,69.44765055,68.18399478,78.25423127,77.69266538,76.64144352,73.4902381,74.6122771,74.27571281
Gibraltar,GIB,Real effective exchange rate index (2010 = 100),PX.REX.REER,,,,,,,,,,,,,,,,,,,,,,,,,,,,,,,,,,,,,,,,,,,,,,,,,,,,,,,,,,,,,,
Guinea,GIN,Real effective exchange rate index (2010 = 100),PX.REX.REER,,,,,,,,,,,,,,,,,,,,,,,,,,,,,,,,,,,,,,,,,,,,,,,,,,,,,,,,,,,,,,
"Gambia, The",GMB,Real effective exchange rate index (2010 = 100),PX.REX.REER,,,,,,,,,,,,,,,,,,,,,269.4912045,258.1682146,259.4119626,261.4481592,248.4345364,266.4740434,191.5143118,201.9230453,221.9890108,214.5870417,205.2223131,197.1136652,198.7901868,212.3839237,201.1512662,195.0879569,191.5976627,197.6525217,196.5777112,192.0194384,183.5539653,158.5143324,131.5711248,95.23877178,93.80865784,99.70087704,99.21484203,107.5631159,113.7501769,102.8053078,100,92.48484688,89.00341851,81.48509444,73.59093977,72.75824093,88.16290976,89.6589402,88.89284109,93.39352283,94.50025968,94.57910207
Guinea-Bissau,GNB,Real effective exchange rate index (2010 = 100),PX.REX.REER,,,,,,,,,,,,,,,,,,,,,,,,,,,,,,,,,,,,,,,,,,,,,,,,,,,,,,,,,,,,,,
Equatorial Guinea,GNQ,Real effective exchange rate index (2010 = 100),PX.REX.REER,,,,,,,,,,,,,,,,,,,,,,,,,,125.3890908,105.5432478,91.29780356,87.46607791,85.65054743,85.82049941,78.95442747,75.60248661,79.45517296,57.10649491,68.04262461,68.03178349,62.85377848,66.87289994,63.83520744,59.33600971,62.40510249,68.26962505,79.91472772,85.31354923,89.67273084,91.10858438,94.25844738,96.90836298,100.5361903,100,102.3037948,99.43367124,102.6890582,106.7551703,99.91834922,101.7485766,101.9455049,104.3564192,102.0373225,108.1524077,105.0466446
Greece,GRC,Real effective exchange rate index (2010 = 100),PX.REX.REER,,,,,,,,,,,,,,,,,,,,,83.95207764,87.13971657,90.41970633,83.58902728,81.04273934,78.41007012,73.46631303,75.17178945,77.31509773,78.22137792,82.64365278,83.53412669,85.96535514,86.52316874,87.5935733,90.44008478,94.4162718,94.10682591,91.43824643,91.41180325,85.14460322,86.15995671,88.80222192,94.6978257,96.29029187,96.08669479,96.64175933,97.89095939,99.46143602,100.7706923,100,100.7255523,97.49123199,96.49953264,94.85299139,89.31176632,89.52400912,89.94092065,90.49582215,88.67548299,87.58674097,86.00848745
Grenada,GRD,Real effective exchange rate index (2010 = 100),PX.REX.REER,,,,,,,,,,,,,,,,,,,,92.18446472,95.89832825,110.8922224,117.7089849,124.0828297,132.3601297,132.4884333,123.3872642,110.9439287,109.1403952,114.6467924,106.5649743,105.3302725,104.3051427,109.9268393,109.9279185,106.3200934,106.8143393,107.8479434,108.5031456,109.3181781,111.8675322,112.4773555,110.5854912,106.1330194,102.2741446,101.154677,101.3929184,98.69857557,98.97596358,100.6338654,100,97.06004994,97.71051274,96.48469793,93.61049761,96.40966129,98.67220562,97.78898277,95.60274293,96.35251787,94.50704156,90.05364488
Greenland,GRL,Real effective exchange rate index (2010 = 100),PX.REX.REER,,,,,,,,,,,,,,,,,,,,,,,,,,,,,,,,,,,,,,,,,,,,,,,,,,,,,,,,,,,,,,
Guatemala,GTM,Real effective exchange rate index (2010 = 100),PX.REX.REER,,,,,,,,,,,,,,,,,,,,,,,,,,,,,,,,,,,,,,,,,,,,,,,,,,,,,,,,,,,,,,
Guam,GUM,Real effective exchange rate index (2010 = 100),PX.REX.REER,,,,,,,,,,,,,,,,,,,,,,,,,,,,,,,,,,,,,,,,,,,,,,,,,,,,,,,,,,,,,,
Guyana,GUY,Real effective exchange rate index (2010 = 100),PX.REX.REER,,,,,,,,,,,,,,,,,,,,,826.8138413,896.6001056,1014.64185,1186.111085,1221.116081,1258.11337,1190.506513,614.8021967,271.0479349,218.1485193,154.1136398,130.6723018,143.2701268,155.7708597,88.0853146,89.71406796,96.19982184,98.76775344,99.8678395,89.91718254,94.21888058,94.46453466,95.49873441,92.28225154,88.14792738,89.95060826,92.31171433,94.87572818,94.43847618,100.1185668,100,97.75676892,99.26616999,99.18976892,98.489402,103.7055631,106.2986493,106.7433767,104.9655232,106.86267,107.3049894,107.3334693
High income,HIC,Real effective exchange rate index (2010 = 100),PX.REX.REER,,,,,,,,,,,,,,,,,,,,,,,,,,,,,,,,,,,,,,,,,,,,,,,,,,,,,,,,,,,,,,
"Hong Kong SAR, China",HKG,Real effective exchange rate index (2010 = 100),PX.REX.REER,,,,,,,,,,,,,,,,,,,,,,,,,,,,,,,90.92662832,93.38708778,91.7774834,100.8345735,106.052569,108.6922327,121.3002505,135.6547821,153.3987541,147.962788,146.6891189,151.8981175,145.6446651,129.1495487,116.1026989,112.0293632,109.6218631,106.1257471,101.5689502,102.230376,100,97.9650511,104.3680029,109.4452524,112.4390483,121.1373027,122.3608026,122.9294853,121.4389496,127.2642571,132.6341824,125.8787808
Honduras,HND,Real effective exchange rate index (2010 = 100),PX.REX.REER,,,,,,,,,,,,,,,,,,,,,,,,,,,,,,,,,,,,,,,,,,,,,,,,,,,,,,,,,,,,,,
Heavily indebted poor countries (HIPC),HPC,Real effective exchange rate index (2010 = 100),PX.REX.REER,,,,,,,,,,,,,,,,,,,,,,,,,,,,,,,,,,,,,,,,,,,,,,,,,,,,,,,,,,,,,,
Croatia,HRV,Real effective exchange rate index (2010 = 100),PX.REX.REER,,,,,,,,,,,,,,,,,,,,,,,,,,,,,,,,,,,,,,92.47854677,94.52895252,90.0047115,89.62879559,93.0209746,93.95178859,94.54596947,95.67041362,96.81206632,98.29507482,98.79501655,102.2890952,102.9359871,100,97.50172652,95.41737654,96.81362787,95.81191203,92.62808147,92.94842487,93.59664827,95.26739118,94.07063965,92.78820556,92.71570456
Haiti,HTI,Real effective exchange rate index (2010 = 100),PX.REX.REER,,,,,,,,,,,,,,,,,,,,,,,,,,,,,,,,,,,,,,,,,,,,,,,,,,,,,,,,,,,,,,
Hungary,HUN,Real effective exchange rate index (2010 = 100),PX.REX.REER,,,,,,,,,,,,,,,,,,,,,,,,,,,,,,,,58.72171231,63.96973123,69.22671777,69.05323287,66.28653779,67.94905436,71.37571493,70.92886912,72.48298004,72.97954839,78.70313989,86.86296108,89.12544517,94.87536283,96.21453734,91.62394266,101.9994785,104.8914087,98.98989334,100,99.75236529,97.0314772,96.00883791,92.12708927,88.31439071,88.98608148,90.76746947,90.28778935,89.08170502,85.58932303,85.99738812
IBRD only,IBD,Real effective exchange rate index (2010 = 100),PX.REX.REER,,,,,,,,,,,,,,,,,,,,,,,,,,,,,,,,,,,,,,,,,,,,,,,,,,,,,,,,,,,,,,
IDA & IBRD total,IBT,Real effective exchange rate index (2010 = 100),PX.REX.REER,,,,,,,,,,,,,,,,,,,,,,,,,,,,,,,,,,,,,,,,,,,,,,,,,,,,,,,,,,,,,,
IDA total,IDA,Real effective exchange rate index (2010 = 100),PX.REX.REER,,,,,,,,,,,,,,,,,,,,,,,,,,,,,,,,,,,,,,,,,,,,,,,,,,,,,,,,,,,,,,
IDA blend,IDB,Real effective exchange rate index (2010 = 100),PX.REX.REER,,,,,,,,,,,,,,,,,,,,,,,,,,,,,,,,,,,,,,,,,,,,,,,,,,,,,,,,,,,,,,
Indonesia,IDN,Real effective exchange rate index (2010 = 100),PX.REX.REER,,,,,,,,,,,,,,,,,,,,,,,,,,,,,,,,,,,,,,,,,,,,,,,,,,,,,,,,,,,,,,
IDA only,IDX,Real effective exchange rate index (2010 = 100),PX.REX.REER,,,,,,,,,,,,,,,,,,,,,,,,,,,,,,,,,,,,,,,,,,,,,,,,,,,,,,,,,,,,,,
Isle of Man,IMN,Real effective exchange rate index (2010 = 100),PX.REX.REER,,,,,,,,,,,,,,,,,,,,,,,,,,,,,,,,,,,,,,,,,,,,,,,,,,,,,,,,,,,,,,
India,IND,Real effective exchange rate index (2010 = 100),PX.REX.REER,,,,,,,,,,,,,,,,,,,,,,,,,,,,,,,,,,,,,,,,,,,,,,,,,,,,,,,,,,,,,,
Not classified,INX,Real effective exchange rate index (2010 = 100),PX.REX.REER,,,,,,,,,,,,,,,,,,,,,,,,,,,,,,,,,,,,,,,,,,,,,,,,,,,,,,,,,,,,,,
Ireland,IRL,Real effective exchange rate index (2010 = 100),PX.REX.REER,,,,,,,,,,,,,,,,,,,,82.64948052,88.01255972,87.4083852,94.332266,95.67123163,95.73274872,97.10877968,104.6558155,102.8929486,101.1411851,99.59353736,104.5542904,100.8149853,103.311331,96.48834109,95.84877205,96.6718284,99.02939418,91.66669178,88.89138814,85.55495731,82.00134214,84.88662355,89.65499263,99.02660363,101.8819627,101.537235,103.4602281,109.0610459,113.2021075,107.7370353,100,100.2330777,95.63994828,97.43162375,96.53912855,88.3962551,89.48667522,89.85081955,90.71082863,88.0596413,88.05812777,88.2106749
"Iran, Islamic Rep.",IRN,Real effective exchange rate index (2010 = 100),PX.REX.REER,,,,,,,,,,,,,,,,,,,,207.6933001,227.3867412,270.951466,317.1460706,375.4780781,423.0944266,251.1963335,166.214734,184.5536176,216.8251233,217.2049945,146.540065,131.3097763,72.22308509,54.47746308,67.1959159,90.43142172,117.3237812,146.047255,180.8141965,219.4901619,260.5534229,296.3054931,112.3611252,70.53666361,70.30290682,72.15719659,73.84483534,77.50564748,87.47032797,99.00182872,100,114.117199,126.7452777,123.4518595,91.78079224,97.79792986,100.2571949,99.29005044,92.84967245,128.7310355,167.2418399,229.809996
Iraq,IRQ,Real effective exchange rate index (2010 = 100),PX.REX.REER,,,,,,,,,,,,,,,,,,,,,,,,,,,,,,,,,,,,,,,,,,,,,,,,,,,,,,,,,,,,,,
Iceland,ISL,Real effective exchange rate index (2010 = 100),PX.REX.REER,,,,,,,,,,,,,,,,,,,,139.4180491,146.5777122,152.8550418,140.183163,129.6887325,138.3134603,137.0646058,136.7247297,147.8375328,155.5237778,142.2106514,140.9774752,143.936617,144.292658,133.4482173,125.4508535,125.1496457,125.3834789,127.6058262,131.936448,133.4692686,137.2355427,120.2233263,127.690437,135.9462186,140.0646201,156.9783048,145.7435784,153.633916,120.2373937,96.67957986,100,100.9195432,99.82583794,104.0219242,111.1149447,113.7643436,128.543558,144.1352319,140.4314849,130.6143713,120.0329824,124.8496725
Israel,ISR,Real effective exchange rate index (2010 = 100),PX.REX.REER,,,,,,,,,,,,,,,,,,,,94.08626118,96.07319818,97.80467944,102.3634061,111.4810284,104.6726769,102.3143082,99.752403,96.71590508,106.7193499,108.0599791,105.7118045,107.2844973,104.5432185,103.2068168,104.2816813,105.0888581,110.2355131,115.3190608,112.2188564,106.7674858,112.5414772,111.4459399,100.7873319,95.73083369,89.86588267,87.56275226,87.14794078,88.18994741,98.33554878,95.80391845,100,101.1591077,95.98578146,102.3513485,103.1907792,101.8224989,103.511637,108.417032,106.2803735,109.1455396,111.4771002,114.2999893
Italy,ITA,Real effective exchange rate index (2010 = 100),PX.REX.REER,,,,,,,,,,,,,,,,,,,,,97.44594632,93.89279241,95.00739809,100.2163283,101.0745328,100.675983,107.7918145,110.9442094,110.0663039,112.7584454,118.3664059,118.3247987,116.495581,98.11606584,95.70434208,89.28034794,99.25052394,98.7550698,99.22799852,97.96419696,93.16800333,94.43898963,96.73738277,102.8625463,104.6320277,102.8285882,102.4411184,103.0805788,103.932943,105.066057,100,99.8666068,97.75491043,99.51150411,99.34851585,93.83115089,94.6546973,95.43196864,96.92137824,94.58385209,95.04466834,94.85780178
Jamaica,JAM,Real effective exchange rate index (2010 = 100),PX.REX.REER,,,,,,,,,,,,,,,,,,,,,,,,,,,,,,,,,,,,,,,,,,,,,,,,,,,,,,,,,,,,,,
Jordan,JOR,Real effective exchange rate index (2010 = 100),PX.REX.REER,,,,,,,,,,,,,,,,,,,,,,,,,,,,,,,,,,,,,,,,,,,,,,,,,,,,,,,,,,,,,,
Japan,JPN,Real effective exchange rate index (2010 = 100),PX.REX.REER,,,,,,,,,,,,,,,,,,,,,73.82444693,78.91148105,71.55583721,77.48918056,80.89016156,82.9100248,106.2854537,111.9547099,118.6928719,108.7845414,97.32117779,103.8994345,106.9857393,125.2361555,133.1457051,135.3300755,113.6951611,106.9731267,107.0024854,118.8916554,125.5032971,111.7625062,104.1390055,105.0353693,106.0726615,99.45909943,90.04645863,82.47692844,88.61933537,99.54263724,100,101.1298016,99.88898655,79.64429857,74.58876432,69.42495307,78.92325244,75.15384804,74.48282141,76.62146828,77.29081053,70.67062547
Kazakhstan,KAZ,Real effective exchange rate index (2010 = 100),PX.REX.REER,,,,,,,,,,,,,,,,,,,,,,,,,,,,,,,,,,,,,,,,,,,,,,,,,,,,,,,,,,,,,,
Kenya,KEN,Real effective exchange rate index (2010 = 100),PX.REX.REER,,,,,,,,,,,,,,,,,,,,,,,,,,,,,,,,,,,,,,,,,,,,,,,,,,,,,,,,,,,,,,
Kyrgyz Republic,KGZ,Real effective exchange rate index (2010 = 100),PX.REX.REER,,,,,,,,,,,,,,,,,,,,,,,,,,,,,,,,,,,,,,,,,,,,,,,,,,,,,,,,,,,,,,
Cambodia,KHM,Real effective exchange rate index (2010 = 100),PX.REX.REER,,,,,,,,,,,,,,,,,,,,,,,,,,,,,,,,,,,,,,,,,,,,,,,,,,,,,,,,,,,,,,
Kiribati,KIR,Real effective exchange rate index (2010 = 100),PX.REX.REER,,,,,,,,,,,,,,,,,,,,,,,,,,,,,,,,,,,,,,,,,,,,,,,,,,,,,,,,,,,,,,
St. Kitts and Nevis,KNA,Real effective exchange rate index (2010 = 100),PX.REX.REER,,,,,,,,,,,,,,,,,,,,102.1770872,101.7044049,105.0707213,107.9237493,109.0923515,111.1706713,110.7693243,106.8936635,100.3319285,95.09014018,97.94340732,94.19929905,93.71122094,92.36750915,94.84585633,94.4352219,92.43827553,92.53400672,99.69903369,102.7584383,104.7934762,106.4447665,107.6777916,107.153961,102.857022,98.48118251,96.02069483,100.0879663,98.68222617,97.47302931,101.7096922,100,100.3832759,101.043838,100.3993947,99.83004004,103.3669029,103.6855439,102.2159417,98.4463512,98.1854523,95.91281948,91.37761755
"Korea, Rep.",KOR,Real effective exchange rate index (2010 = 100),PX.REX.REER,,,,,,,,,,,,,,,,,,,,,,,,,,,,,,,132.7683799,140.8266733,131.4871401,131.4084103,136.2948104,152.7581032,164.4346759,146.648591,97.8944541,99.28867345,104.7318741,98.46979611,104.4455458,103.1074379,107.2415961,127.0166083,136.1020005,137.1450836,108.1420139,91.61405519,100,97.49130219,105.1269795,119.0269394,134.5238039,142.0538734,139.0554482,143.0766679,152.9929916,147.6229196,136.984098,138.9746417
Kuwait,KWT,Real effective exchange rate index (2010 = 100),PX.REX.REER,,,,,,,,,,,,,,,,,,,,,,,,,,,,,,,,,,,,,,,,,,,,,,,,,,,,,,,,,,,,,,
Latin America & Caribbean (excluding high income),LAC,Real effective exchange rate index (2010 = 100),PX.REX.REER,,,,,,,,,,,,,,,,,,,,,,,,,,,,,,,,,,,,,,,,,,,,,,,,,,,,,,,,,,,,,,
Lao PDR,LAO,Real effective exchange rate index (2010 = 100),PX.REX.REER,,,,,,,,,,,,,,,,,,,,,,,,,,,,,,,,,,,,,,,,,,,,,,,,,,,,,,,,,,,,,,
Lebanon,LBN,Real effective exchange rate index (2010 = 100),PX.REX.REER,,,,,,,,,,,,,,,,,,,,,,,,,,,,,,,,,,,,,,,,,,,,,,,,,,,,,,,,,,,,,,
Liberia,LBR,Real effective exchange rate index (2010 = 100),PX.REX.REER,,,,,,,,,,,,,,,,,,,,,,,,,,,,,,,,,,,,,,,,,,,,,,,,,,,,,,,,,,,,,,
Libya,LBY,Real effective exchange rate index (2010 = 100),PX.REX.REER,,,,,,,,,,,,,,,,,,,,,,,,,,,,,,,,,,,,,,,,,,,,,,,,,,,,,,,,,,,,,,
St. Lucia,LCA,Real effective exchange rate index (2010 = 100),PX.REX.REER,,,,,,,,,,,,,,,,,,,,98.61686311,100.2572711,110.0370682,112.8737918,114.6713165,119.2708253,116.2525278,109.2719384,107.2135819,101.6524056,104.0822531,99.28219612,100.6294421,101.229951,105.0314218,104.7527377,103.7537375,103.1112102,102.3821686,104.9713973,105.9408088,111.6108323,116.7751108,113.4324437,108.156163,102.9566112,101.6456511,101.3770826,97.92511778,97.36263964,99.90111844,100,97.38904195,100.1862839,100.5629437,102.8470775,106.3194479,104.1543189,102.2076772,101.6557986,102.5284886,99.40099965,95.35661715
Latin America & Caribbean,LCN,Real effective exchange rate index (2010 = 100),PX.REX.REER,,,,,,,,,,,,,,,,,,,,,,,,,,,,,,,,,,,,,,,,,,,,,,,,,,,,,,,,,,,,,,
Least developed countries: UN classification,LDC,Real effective exchange rate index (2010 = 100),PX.REX.REER,,,,,,,,,,,,,,,,,,,,,,,,,,,,,,,,,,,,,,,,,,,,,,,,,,,,,,,,,,,,,,
Low income,LIC,Real effective exchange rate index (2010 = 100),PX.REX.REER,,,,,,,,,,,,,,,,,,,,,,,,,,,,,,,,,,,,,,,,,,,,,,,,,,,,,,,,,,,,,,
Liechtenstein,LIE,Real effective exchange rate index (2010 = 100),PX.REX.REER,,,,,,,,,,,,,,,,,,,,,,,,,,,,,,,,,,,,,,,,,,,,,,,,,,,,,,,,,,,,,,
Sri Lanka,LKA,Real effective exchange rate index (2010 = 100),PX.REX.REER,,,,,,,,,,,,,,,,,,,,,,,,,,,,,,,,,,,,,,,,,,,,,,,,,,,,,,,,,,,,,,
Lower middle income,LMC,Real effective exchange rate index (2010 = 100),PX.REX.REER,,,,,,,,,,,,,,,,,,,,,,,,,,,,,,,,,,,,,,,,,,,,,,,,,,,,,,,,,,,,,,
Low & middle income,LMY,Real effective exchange rate index (2010 = 100),PX.REX.REER,,,,,,,,,,,,,,,,,,,,,,,,,,,,,,,,,,,,,,,,,,,,,,,,,,,,,,,,,,,,,,
Lesotho,LSO,Real effective exchange rate index (2010 = 100),PX.REX.REER,,,,,,,,,,,,,,,,,,,,,204.1481363,199.7201321,195.3271727,205.5748416,203.3251573,195.5716801,194.0288311,187.3505593,184.9728765,185.4459055,180.9829857,193.2189048,207.2832075,206.85421,197.2935432,197.6616119,178.8546432,179.1371634,164.4987914,148.603905,142.9409223,123.4220071,56.61641931,81.31335163,94.17612482,95.38583236,93.88766847,92.61294299,85.84422644,90.54294322,100,99.65518572,95.3944337,86.34674752,81.55012043,78.34999825,73.91808465,80.20477473,81.7073085,79.96391546,75.14030627,81.69833291
Late-demographic dividend,LTE,Real effective exchange rate index (2010 = 100),PX.REX.REER,,,,,,,,,,,,,,,,,,,,,,,,,,,,,,,,,,,,,,,,,,,,,,,,,,,,,,,,,,,,,,
Lithuania,LTU,Real effective exchange rate index (2010 = 100),PX.REX.REER,,,,,,,,,,,,,,,,,,,,,,,,,,,,,,,,,,,,,,,,,,,,,,,,,,,,,,,,,,,,,,
Luxembourg,LUX,Real effective exchange rate index (2010 = 100),PX.REX.REER,,,,,,,,,,,,,,,,,,,,110.376122,107.7872018,104.9283025,98.71557362,98.85052686,99.35469075,99.83157862,100.5399858,100.3870448,99.73141539,99.50352742,101.044173,100.6515381,100.9962273,101.2132525,102.1353755,104.0397358,100.8593481,96.38516116,96.07100424,94.98833502,93.15654036,93.67705232,94.84179069,98.35165218,99.41783246,99.25576528,99.79510804,100.7149483,101.8060791,102.6310646,100,100.6465926,98.7967459,100.5704386,100.7901426,97.12025551,98.09596833,98.92448172,100.3204054,99.60338154,100.9098652,101.0700432
Latvia,LVA,Real effective exchange rate index (2010 = 100),PX.REX.REER,,,,,,,,,,,,,,,,,,,,,,,,,,,,,,,,,,60.78759682,68.32979872,70.89054841,69.84240706,76.08751743,80.14040929,88.60074609,93.65490288,91.53978785,89.11909047,85.01822793,85.75254236,83.93681664,86.411677,92.79858126,102.2111188,108.0017854,100,102.0700112,98.80151671,98.52519911,99.89901717,98.17208306,99.72737329,100.422798,103.2957631,103.2593832,104.4825884,104.9318995
"Macao SAR, China",MAC,Real effective exchange rate index (2010 = 100),PX.REX.REER,,,,,,,,,,,,,,,,,,,,,,,,,,,,,,,,,,,,,,,,,,,,,,,,,,,,,,,,,,,,,,
St. Martin (French part),MAF,Real effective exchange rate index (2010 = 100),PX.REX.REER,,,,,,,,,,,,,,,,,,,,,,,,,,,,,,,,,,,,,,,,,,,,,,,,,,,,,,,,,,,,,,
Morocco,MAR,Real effective exchange rate index (2010 = 100),PX.REX.REER,,,,,,,,,,,,,,,,,,,,,,,,,,,,,102.6765617,103.2580222,98.32601414,99.32243018,99.82158883,102.61339,105.8846832,109.3265122,109.7163497,109.3437861,112.2576243,112.2549813,114.8515291,110.2066962,109.7092732,108.8847277,106.9813549,104.0415051,104.5287292,103.6056888,103.3450507,104.8135896,100,97.50052828,95.3831203,97.0135459,97.0817935,96.83842541,98.98484873,98.64666983,99.42415825,100.204127,100.9297492,101.6224439
Monaco,MCO,Real effective exchange rate index (2010 = 100),PX.REX.REER,,,,,,,,,,,,,,,,,,,,,,,,,,,,,,,,,,,,,,,,,,,,,,,,,,,,,,,,,,,,,,
Moldova,MDA,Real effective exchange rate index (2010 = 100),PX.REX.REER,,,,,,,,,,,,,,,,,,,,,,,,,,,,,,,,,,,78.26772186,74.39510487,73.62783535,84.80514892,82.37804432,62.83835736,73.11339059,75.7860474,71.67876265,67.84549079,77.67786158,79.28587979,81.45041573,87.75896849,104.0832672,106.7298624,100,104.9661568,110.0836255,106.7669866,102.7180981,99.16240475,101.8352894,112.964062,122.990891,125.6220196,132.0124506,128.3716358
Madagascar,MDG,Real effective exchange rate index (2010 = 100),PX.REX.REER,,,,,,,,,,,,,,,,,,,,,,,,,,,,,,,,,,,,,,,,,,,,,,,,,,,,,,,,,,,,,,
Maldives,MDV,Real effective exchange rate index (2010 = 100),PX.REX.REER,,,,,,,,,,,,,,,,,,,,,,,,,,,,,,,,,,,,,,,,,,,,,,,,,,,,,,,,,,,,,,
Middle East & North Africa,MEA,Real effective exchange rate index (2010 = 100),PX.REX.REER,,,,,,,,,,,,,,,,,,,,,,,,,,,,,,,,,,,,,,,,,,,,,,,,,,,,,,,,,,,,,,
Mexico,MEX,Real effective exchange rate index (2010 = 100),PX.REX.REER,,,,,,,,,,,,,,,,,,,,,120.8444267,137.5025075,98.72068951,86.99733228,101.8978533,104.7418832,73.15532195,67.40371554,83.64321562,89.76534019,91.85335636,100.7158927,108.8949238,117.1064736,112.3293616,75.48033236,84.76910041,97.59572802,98.37080466,106.7717784,115.5380979,123.017337,123.0512576,110.1912098,105.9769973,109.805001,109.9010851,108.373041,106.0739822,92.78298521,100,99.79591278,96.62342327,102.2395574,101.1433409,90.62666014,79.01096484,80.96628064,80.92065384,83.53914362,77.09183308,81.63599659
Marshall Islands,MHL,Real effective exchange rate index (2010 = 100),PX.REX.REER,,,,,,,,,,,,,,,,,,,,,,,,,,,,,,,,,,,,,,,,,,,,,,,,,,,,,,,,,,,,,,
Middle income,MIC,Real effective exchange rate index (2010 = 100),PX.REX.REER,,,,,,,,,,,,,,,,,,,,,,,,,,,,,,,,,,,,,,,,,,,,,,,,,,,,,,,,,,,,,,
North Macedonia,MKD,Real effective exchange rate index (2010 = 100),PX.REX.REER,,,,,,,,,,,,,,,,,,,,,,,,,,,,,,,,,,119.7702923,123.9361725,136.7611692,126.283932,109.9471248,102.0745788,102.8643359,105.445935,103.0465203,102.567358,104.4877238,102.9722558,100.0783396,99.89344714,99.62679125,103.8810377,103.6842521,100,100.8183809,100.0228788,102.253827,101.738594,98.16520565,98.33062104,98.61591657,99.8157866,98.29080447,99.53250156,100.3123432
Mali,MLI,Real effective exchange rate index (2010 = 100),PX.REX.REER,,,,,,,,,,,,,,,,,,,,,,,,,,,,,,,,,,,,,,,,,,,,,,,,,,,,,,,,,,,,,,
Malta,MLT,Real effective exchange rate index (2010 = 100),PX.REX.REER,,,,,,,,,,,,,,,,,,,,102.811716,108.2983347,117.5180965,121.4757619,118.3144712,116.754359,113.2240214,107.1593994,103.7619339,103.3602654,101.0665082,97.34006986,95.02866964,91.43482409,86.3619385,87.84451857,89.29964099,88.87276067,89.8812711,94.37208882,92.48844646,90.4183335,91.42420073,93.838515,98.88892152,102.7876425,101.5876391,102.1669849,103.6878047,105.327331,106.2972605,100,99.73219963,95.24252171,97.1354835,96.49134347,89.55200401,91.22229014,92.22348562,93.5237234,91.81015607,92.80638635,93.06987317
Myanmar,MMR,Real effective exchange rate index (2010 = 100),PX.REX.REER,,,,,,,,,,,,,,,,,,,,,,,,,,,,,,,,,,,,,,,,,,,,,,,,,,,,,,,,,,,,,,
Middle East & North Africa (excluding high income),MNA,Real effective exchange rate index (2010 = 100),PX.REX.REER,,,,,,,,,,,,,,,,,,,,,,,,,,,,,,,,,,,,,,,,,,,,,,,,,,,,,,,,,,,,,,
Montenegro,MNE,Real effective exchange rate index (2010 = 100),PX.REX.REER,,,,,,,,,,,,,,,,,,,,,,,,,,,,,,,,,,,,,,,,,,,,,,,,,,,,,,,,,,,,,,
Mongolia,MNG,Real effective exchange rate index (2010 = 100),PX.REX.REER,,,,,,,,,,,,,,,,,,,,,,,,,,,,,,,,,,,,,,,,,,,,,,,,,,,,,,,,,,,,,,
Northern Mariana Islands,MNP,Real effective exchange rate index (2010 = 100),PX.REX.REER,,,,,,,,,,,,,,,,,,,,,,,,,,,,,,,,,,,,,,,,,,,,,,,,,,,,,,,,,,,,,,
Mozambique,MOZ,Real effective exchange rate index (2010 = 100),PX.REX.REER,,,,,,,,,,,,,,,,,,,,,,,,,,,,,,,,,,,,,,,,,,,,,,,,,,,,,,,,,,,,,,
Mauritania,MRT,Real effective exchange rate index (2010 = 100),PX.REX.REER,,,,,,,,,,,,,,,,,,,,,,,,,,,,,,,,,,,,,,,,,,,,,,,,,,,,,,,,,,,,,,
Mauritius,MUS,Real effective exchange rate index (2010 = 100),PX.REX.REER,,,,,,,,,,,,,,,,,,,,,,,,,,,,,,,,,,,,,,,,,,,,,,,,,,,,,,,,,,,,,,
Malawi,MWI,Real effective exchange rate index (2010 = 100),PX.REX.REER,,,,,,,,,,,,,,,,,,,,,200.2853084,205.043584,197.9020676,202.19045,214.5635222,203.937884,182.5170515,164.8082121,180.2073206,187.6944484,186.8611763,197.9775511,181.5829465,185.2246148,131.3786567,115.2606287,166.3576261,173.1841398,129.0961604,129.747455,134.2804108,145.1463607,158.3286887,110.6680154,98.74245355,100.5586161,97.16484713,95.15302766,97.9864647,107.2506578,100,96.75045058,78.52101521,65.32620068,70.63499883,79.82269401,69.09358222,72.30787934,77.91314572,87.90874407,93.91096845,88.53467946
Malaysia,MYS,Real effective exchange rate index (2010 = 100),PX.REX.REER,,,,,,,,,,,,,,,,,,,,164.0351359,158.1475698,158.9275567,168.9896371,176.9491833,183.8488753,174.7071693,146.683711,139.0434795,126.4040643,124.248461,119.0829607,115.6689534,123.3647868,124.0904153,120.1739015,120.4056738,124.8821432,120.678613,96.37786721,97.24168084,98.49624614,103.3318975,103.4635929,97.87579028,93.47548819,93.30001884,96.28786864,98.07809197,97.7924592,94.94053727,100,99.8266136,99.51801914,99.01584415,97.96533064,89.57242075,86.56304619,85.11868007,88.66320866,87.48758564,84.38339662,83.25649501
North America,NAC,Real effective exchange rate index (2010 = 100),PX.REX.REER,,,,,,,,,,,,,,,,,,,,,,,,,,,,,,,,,,,,,,,,,,,,,,,,,,,,,,,,,,,,,,
Namibia,NAM,Real effective exchange rate index (2010 = 100),PX.REX.REER,,,,,,,,,,,,,,,,,,,,,,,,,,,,,,,,,,,,,,,,,,,,,,,,,,,,,,,,,,,,,,
New Caledonia,NCL,Real effective exchange rate index (2010 = 100),PX.REX.REER,,,,,,,,,,,,,,,,,,,,,,,,,,,,,,,,,,,,,,,,,,,,,,,,,,,,,,,,,,,,,,
Niger,NER,Real effective exchange rate index (2010 = 100),PX.REX.REER,,,,,,,,,,,,,,,,,,,,,,,,,,,,,,,,,,,,,,,,,,,,,,,,,,,,,,,,,,,,,,
Nigeria,NGA,Real effective exchange rate index (2010 = 100),PX.REX.REER,,,,,,,,,,,,,,,,,,,,,288.3391814,320.7865174,328.9888293,389.3910819,536.8850236,482.6798458,263.6773978,83.99657197,85.31406,76.31233715,71.01420903,60.06268655,49.74453838,54.40665811,100.57554,160.0855265,207.4969645,236.0172429,272.9965404,69.19319002,70.15862567,78.17925737,78.41482818,73.66815576,75.32155746,86.27305868,91.44617316,90.53236512,99.56383008,92.65720078,100,100.5170547,110.5071193,117.5174334,124.8183873,119.8495755,110.8402648,101.4530199,109.9082704,124.1937546,119.4931955,117.0805751
Nicaragua,NIC,Real effective exchange rate index (2010 = 100),PX.REX.REER,,,,,,,,,,,,,,,,,,,,,,,,,,,317.7239802,2834.718657,35.76308983,18.73211231,59.74175628,109.9496257,126.568819,127.7733051,120.2191818,109.8784092,107.7410014,105.2005241,107.1631576,111.4262227,109.8982206,110.2718363,107.6529036,100.7114396,96.95903988,95.84578607,96.14955434,94.21242928,97.81473353,106.9462116,100,95.88193087,97.42814597,97.24541183,97.35005605,102.0888341,102.2696074,98.54345393,95.94219148,96.01703613,95.96317385,93.01986481
Netherlands,NLD,Real effective exchange rate index (2010 = 100),PX.REX.REER,,,,,,,,,,,,,,,,,,,,111.3868022,107.5736191,99.8437562,102.8698386,101.4434351,98.01460221,95.79675729,101.1772125,103.1162489,101.1977663,97.39797343,99.50110776,97.09450771,98.72996312,100.2678003,101.0045803,105.344406,102.7886853,97.06400845,98.57353344,97.38896179,92.57935264,95.08131916,98.35972041,104.3426802,105.3046957,103.8015632,102.4340637,103.142088,103.658706,105.1211865,100,99.40965161,96.68909413,99.8159521,100.3514188,95.96599567,97.32375768,97.93978581,99.83083527,99.81566534,101.8206896,102.0283775
Norway,NOR,Real effective exchange rate index (2010 = 100),PX.REX.REER,,,,,,,,,,,,,,,,,,,,93.12531516,94.54953188,98.11377838,102.2739007,101.4441353,99.85706379,98.77062598,97.32119603,99.31675008,102.122956,101.6553906,100.9040742,97.20964174,97.32798396,93.56101841,91.37823632,94.0897529,93.55506424,94.19295806,91.9000168,91.47634824,89.43709132,92.56737982,100.4556684,99.95315307,95.80852682,99.02383642,98.73590139,98.91100159,99.05206001,96.54723718,100,100.3859866,99.59844347,98.11676545,93.19068066,84.25156998,84.74724942,85.54121872,85.97814289,83.61457726,78.0842825,83.04165414
Nepal,NPL,Real effective exchange rate index (2010 = 100),PX.REX.REER,,,,,,,,,,,,,,,,,,,,,,,,,,,,,,,,,,,,,,,,,,,,,,,,,,,,,,,,,,,,,,
Nauru,NRU,Real effective exchange rate index (2010 = 100),PX.REX.REER,,,,,,,,,,,,,,,,,,,,,,,,,,,,,,,,,,,,,,,,,,,,,,,,,,,,,,,,,,,,,,
New Zealand,NZL,Real effective exchange rate index (2010 = 100),PX.REX.REER,,,,,,,,,,,,,,,,,,,,85.25851229,84.50804863,85.88505804,88.41199841,85.27540849,79.14020722,80.65844249,81.55762917,94.23207878,101.1050364,96.1787471,93.57826092,89.00008285,79.78136141,82.57926524,87.97041863,93.17264952,99.24906538,101.3200967,88.63733992,84.79526169,77.01241001,75.59327365,82.54841414,93.79841066,100.2539342,105.7473069,98.08136641,104.9146552,97.4883426,91.34328461,100,104.1897237,107.7026294,110.02556,112.9645455,105.1330051,106.2051444,107.9011616,103.3188122,101.6842834,100.8572852,107.5835235
OECD members,OED,Real effective exchange rate index (2010 = 100),PX.REX.REER,,,,,,,,,,,,,,,,,,,,,,,,,,,,,,,,,,,,,,,,,,,,,,,,,,,,,,,,,,,,,,
Oman,OMN,Real effective exchange rate index (2010 = 100),PX.REX.REER,,,,,,,,,,,,,,,,,,,,,,,,,,,,,,,,,,,,,,,,,,,,,,,,,,,,,,,,,,,,,,
Other small states,OSS,Real effective exchange rate index (2010 = 100),PX.REX.REER,,,,,,,,,,,,,,,,,,,,,,,,,,,,,,,,,,,,,,,,,,,,,,,,,,,,,,,,,,,,,,
Pakistan,PAK,Real effective exchange rate index (2010 = 100),PX.REX.REER,,,,,,,,,,,,,,,,,,,,,209.27979,237.4818912,217.5284195,210.0732385,214.5350839,200.4136292,165.4499836,146.3285716,142.491949,133.7047815,126.5675135,123.8541824,121.5703182,119.9793166,119.1539036,118.4609251,115.283991,116.9409608,118.723564,109.7990338,107.8863067,98.06147685,101.6069591,98.82607416,98.02326564,100.9781525,103.7868815,102.3280242,97.38536734,96.48688649,100,102.4233155,103.797855,100.8913196,107.8270192,116.0192013,119.6806313,121.6615015,107.2753202,97.26601935,97.55765097,100.2384593
Panama,PAN,Real effective exchange rate index (2010 = 100),PX.REX.REER,,,,,,,,,,,,,,,,,,,,,,,,,,,,,,,,,,,,,,,,,,,,,,,,,,,,,,,,,,,,,,
Peru,PER,Real effective exchange rate index (2010 = 100),PX.REX.REER,,,,,,,,,,,,,,,,,,,,,,,,,,,,,,,,,,,,,,,,,,,,,,,,,,,,,,,,,,,,,,
Philippines,PHL,Real effective exchange rate index (2010 = 100),PX.REX.REER,,,,,,,,,,,,,,,,,,,,116.9735734,123.1981193,127.4472556,132.2714932,111.1975822,109.9579373,120.3909202,94.31467678,87.04042891,88.78769738,95.34962522,90.62498785,90.75787569,100.3054686,98.74832193,107.0681574,108.7477368,116.0014362,114.4088167,95.46669278,100.3539918,91.58814839,86.43107496,86.74021228,79.39643883,76.01654186,80.03536988,88.21698243,95.32643061,97.76287638,96.01342809,100,100.2174229,104.7600659,107.5977341,106.3194482,111.4909355,108.3983632,103.4494956,100.6116704,105.3894161,111.2466814,111.0882746
Palau,PLW,Real effective exchange rate index (2010 = 100),PX.REX.REER,,,,,,,,,,,,,,,,,,,,,,,,,,,,,,,,,,,,,,,,,,,,,,,,,,,,,,,,,,,,,,
Papua New Guinea,PNG,Real effective exchange rate index (2010 = 100),PX.REX.REER,,,,,,,,,,,,,,,,,,,,,133.175586,136.536172,134.2552972,130.0604446,131.0422041,125.9785602,119.0751897,117.6055584,116.577413,119.8261048,107.6139108,111.047386,110.8590329,115.6578758,109.9740601,93.37966722,99.98431102,100.5023473,88.25133334,80.02804433,87.85226372,82.17675603,76.76775284,85.07337262,87.88638355,88.58489293,88.86812341,84.26043804,94.82770088,102.0443933,100,109.0693268,128.2594818,127.0004326,122.7778035,127.9325776,121.3736904,122.5511924,120.8527599,124.7151109,127.3746446,122.3767045
Poland,POL,Real effective exchange rate index (2010 = 100),PX.REX.REER,,,,,,,,,,,,,,,,,,,,,,,,,,,,,,,,57.96811905,61.53074572,65.59862403,66.94692683,72.37017043,78.55589768,80.89144377,86.06348005,83.3137973,91.66155647,103.1501035,98.83121683,88.42327086,87.48391492,97.21325798,99.12716563,102.5180939,111.8281281,94.85791798,100,98.42571382,95.67863992,96.27151127,96.86726971,92.56863134,88.94814586,92.04924869,93.51398693,92.36931326,92.84101921,92.48940261
Pre-demographic dividend,PRE,Real effective exchange rate index (2010 = 100),PX.REX.REER,,,,,,,,,,,,,,,,,,,,,,,,,,,,,,,,,,,,,,,,,,,,,,,,,,,,,,,,,,,,,,
Puerto Rico,PRI,Real effective exchange rate index (2010 = 100),PX.REX.REER,,,,,,,,,,,,,,,,,,,,,,,,,,,,,,,,,,,,,,,,,,,,,,,,,,,,,,,,,,,,,,
"Korea, Dem. People's Rep.",PRK,Real effective exchange rate index (2010 = 100),PX.REX.REER,,,,,,,,,,,,,,,,,,,,,,,,,,,,,,,,,,,,,,,,,,,,,,,,,,,,,,,,,,,,,,
Portugal,PRT,Real effective exchange rate index (2010 = 100),PX.REX.REER,,,,,,,,,,,,,,,,,,,,75.76770144,76.4801294,80.25255261,79.05403439,72.76465099,73.65834078,74.42971443,74.09850043,73.27179726,74.49000527,78.07299643,83.2735401,89.18937794,97.14645568,94.54739636,93.52830036,96.4064899,97.19489526,95.54236825,95.93276083,95.4226507,93.13206287,95.38477218,97.78823458,102.2007129,103.22215,102.4203001,102.9942363,103.9360678,103.9562658,103.0356267,100,100.8077143,99.27573952,99.32839591,98.47012694,95.15570181,96.66488838,96.86189264,97.99212844,96.40931739,97.13731018,95.40900712
Paraguay,PRY,Real effective exchange rate index (2010 = 100),PX.REX.REER,,,,,,,,,,,,,,,,,,,,,188.8996404,205.3591558,176.679659,168.3164255,165.605966,143.1833893,143.2296324,113.7053089,121.599358,90.51918777,89.09567592,99.91316357,96.90353615,97.70514353,103.0136856,104.1333029,108.0796542,111.1564242,101.4163793,104.5292907,101.2756259,97.56151533,84.76115174,79.21802122,81.63414277,76.5366222,85.8595491,93.99422809,107.6815251,98.69972734,100,111.7772466,109.6777192,114.3615479,116.9969154,114.213374,110.4285284,109.7375775,113.1626428,109.734244,108.2993998,107.2008739
West Bank and Gaza,PSE,Real effective exchange rate index (2010 = 100),PX.REX.REER,,,,,,,,,,,,,,,,,,,,,,,,,,,,,,,,,,,,,,,,,,,,,,,,,,,,,,,,,,,,,,
Pacific island small states,PSS,Real effective exchange rate index (2010 = 100),PX.REX.REER,,,,,,,,,,,,,,,,,,,,,,,,,,,,,,,,,,,,,,,,,,,,,,,,,,,,,,,,,,,,,,
Post-demographic dividend,PST,Real effective exchange rate index (2010 = 100),PX.REX.REER,,,,,,,,,,,,,,,,,,,,,,,,,,,,,,,,,,,,,,,,,,,,,,,,,,,,,,,,,,,,,,
French Polynesia,PYF,Real effective exchange rate index (2010 = 100),PX.REX.REER,,,,,,,,,,,,,,,,,,,,,,,,,,,,,,,,,,,,,,,,,,,,,,,,,,,,,,,,,,,,,,
Qatar,QAT,Real effective exchange rate index (2010 = 100),PX.REX.REER,,,,,,,,,,,,,,,,,,,,,,,,,,,,,,,,,,,,,,,,,,,,,,,,,,,,,,,,,,,,,,
Romania,ROU,Real effective exchange rate index (2010 = 100),PX.REX.REER,,,,,,,,,,,,,,,,,,,,,,,,,,,,,,,,67.10626421,42.09985443,57.13514778,62.90814029,61.40511962,55.20368927,65.15483099,84.69923492,72.65677182,81.77306164,82.97503718,83.55842449,81.08015084,82.87202208,97.4723698,104.3709508,112.6555203,106.4110819,98.64818242,100,102.5648219,96.5894105,101.1520871,101.8416071,98.34849229,96.62740768,95.21060268,97.73923305,97.26201897,98.54377314,99.47317086
Russian Federation,RUS,Real effective exchange rate index (2010 = 100),PX.REX.REER,,,,,,,,,,,,,,,,,,,,,,,,,,,,,,,,,,,49.23489098,60.64731012,74.49975613,79.54325844,70.17213886,47.95195698,54.05792034,63.52496155,66.46566379,68.80554913,74.30596431,81.13447872,88.93433388,93.49689341,99.06575842,92.14827593,100,104.3909655,105.547694,106.9971865,97.73571348,79.57962835,79.32521035,91.8092815,85.02550551,87.22876712,80.79882447,79.40710635
Rwanda,RWA,Real effective exchange rate index (2010 = 100),PX.REX.REER,,,,,,,,,,,,,,,,,,,,,,,,,,,,,,,,,,,,,,,,,,,,,,,,,,,,,,,,,,,,,,
South Asia,SAS,Real effective exchange rate index (2010 = 100),PX.REX.REER,,,,,,,,,,,,,,,,,,,,,,,,,,,,,,,,,,,,,,,,,,,,,,,,,,,,,,,,,,,,,,
Saudi Arabia,SAU,Real effective exchange rate index (2010 = 100),PX.REX.REER,,,,,,,,,,,,,,,,,,,,,241.0054262,242.0614817,247.1239421,244.5963729,239.7380958,223.5030142,170.8163179,145.2533207,136.0654299,137.8486907,127.3622948,127.4563147,120.0636028,123.3722932,119.0162971,115.3437597,117.4946256,122.7863711,128.7499011,123.3494991,124.8402766,126.9274503,123.1769016,112.7966463,104.9154179,101.6178903,99.76085767,96.65449524,94.30739174,100.7264012,100,96.52836813,99.28269633,101.5634993,103.8008171,113.5816086,117.2731747,114.9037283,113.953506,112.9366434,115.7596701,113.526016
Sudan,SDN,Real effective exchange rate index (2010 = 100),PX.REX.REER,,,,,,,,,,,,,,,,,,,,,,,,,,,,,,,,,,,,,,,,,,,,,,,,,,,,,,,,,,,,,,
Senegal,SEN,Real effective exchange rate index (2010 = 100),PX.REX.REER,,,,,,,,,,,,,,,,,,,,,,,,,,,,,,,,,,,,,,,,,,,,,,,,,,,,,,,,,,,,,,
Singapore,SGP,Real effective exchange rate index (2010 = 100),PX.REX.REER,,,,,,,,,,,,,,,,,,,,96.25197918,95.90781291,101.4139305,106.3534749,107.6732292,109.4296794,106.7295674,91.00799636,85.41573321,83.73302151,87.50529742,93.03119879,96.0544584,97.72017008,97.99651596,102.5220312,104.2632479,107.2170634,108.5512662,105.8982166,98.68049175,98.51573101,99.03139783,96.4582086,93.06966735,92.03002066,90.60274986,91.82436359,92.24978037,97.0123335,97.03081859,100,105.1697835,110.0362551,112.0582354,111.3370197,108.3206291,108.2682001,107.0659938,106.3127708,106.5330126,103.5653149,103.3267132
Solomon Islands,SLB,Real effective exchange rate index (2010 = 100),PX.REX.REER,,,,,,,,,,,,,,,,,,,,130.4796981,138.2022727,147.4800959,151.8142212,137.5781976,138.9409365,126.798999,107.1981512,92.83402034,95.5912507,98.7088188,90.6215671,92.89818333,91.90218986,92.2466407,95.74561384,93.57276807,99.52475665,108.4730855,104.9955872,108.9149003,113.4415375,122.4088836,102.2884113,89.1444644,87.31702886,89.23666365,95.71153003,94.07751389,100.5616924,107.8871496,100,102.4738542,111.1344744,118.4658246,124.552878,127.7067497,128.6337786,127.4767521,126.9370583,127.5424168,129.8804439,124.781552
Sierra Leone,SLE,Real effective exchange rate index (2010 = 100),PX.REX.REER,,,,,,,,,,,,,,,,,,,,,265.9839683,304.3692959,373.0009421,444.6987538,562.5827249,490.8590061,329.4353799,150.9075513,178.413376,156.3089811,116.0326288,117.1482762,106.1292724,117.784982,135.6531344,122.5519135,123.2417414,140.9887434,120.2868781,142.5667098,130.8800168,142.8210147,123.4660754,102.0891105,91.35343289,92.80978895,96.08513718,96.65855902,101.4325509,103.6697857,100,102.0017044,118.1076903,126.7307481,131.5719662,142.8033879,129.7783878,111.8882151,100.7099531,104.0041207,107.2339904,106.6817359
El Salvador,SLV,Real effective exchange rate index (2010 = 100),PX.REX.REER,,,,,,,,,,,,,,,,,,,,,,,,,,,,,,,,,,,,,,,,,,,,,,,,,,,,,,,,,,,,,,
San Marino,SMR,Real effective exchange rate index (2010 = 100),PX.REX.REER,,,,,,,,,,,,,,,,,,,,,,,,,,,,,,,,,,,,,,,,,,,,,,,,,,,,,,,,,,,,,,
Somalia,SOM,Real effective exchange rate index (2010 = 100),PX.REX.REER,,,,,,,,,,,,,,,,,,,,,,,,,,,,,,,,,,,,,,,,,,,,,,,,,,,,,,,,,,,,,,
Serbia,SRB,Real effective exchange rate index (2010 = 100),PX.REX.REER,,,,,,,,,,,,,,,,,,,,,,,,,,,,,,,,,,,,,,,,,,,,,,,,,,,,,,,,,,,,,,
Sub-Saharan Africa (excluding high income),SSA,Real effective exchange rate index (2010 = 100),PX.REX.REER,,,,,,,,,,,,,,,,,,,,,,,,,,,,,,,,,,,,,,,,,,,,,,,,,,,,,,,,,,,,,,
South Sudan,SSD,Real effective exchange rate index (2010 = 100),PX.REX.REER,,,,,,,,,,,,,,,,,,,,,,,,,,,,,,,,,,,,,,,,,,,,,,,,,,,,,,,,,,,,,,
Sub-Saharan Africa,SSF,Real effective exchange rate index (2010 = 100),PX.REX.REER,,,,,,,,,,,,,,,,,,,,,,,,,,,,,,,,,,,,,,,,,,,,,,,,,,,,,,,,,,,,,,
Small states,SST,Real effective exchange rate index (2010 = 100),PX.REX.REER,,,,,,,,,,,,,,,,,,,,,,,,,,,,,,,,,,,,,,,,,,,,,,,,,,,,,,,,,,,,,,
Sao Tome and Principe,STP,Real effective exchange rate index (2010 = 100),PX.REX.REER,,,,,,,,,,,,,,,,,,,,,,,,,,,,,,,,,,,,,,,,,,,,,,,,,,,,,,,,,,,,,,
Suriname,SUR,Real effective exchange rate index (2010 = 100),PX.REX.REER,,,,,,,,,,,,,,,,,,,,,,,,,,,,,,,,,,,,,,,,,,,,,,,,,,,,,,,,,,,,,,
Slovak Republic,SVK,Real effective exchange rate index (2010 = 100),PX.REX.REER,,,,,,,,,,,,,,,,,,,,,,,,,,,,,,,46.06118546,44.54709088,45.13324005,47.72330405,48.16402768,49.50969399,50.02740843,52.90102052,53.68431557,52.27126229,57.54304687,58.63775214,60.14276318,68.28518014,74.79673085,76.68498214,81.07836948,89.61956548,97.6270288,104.7843208,100,100.8862228,100.1087327,101.3929381,101.3592317,97.58935353,98.24505519,98.42078786,100.5872188,100.8105469,103.0370953,103.595398
Slovenia,SVN,Real effective exchange rate index (2010 = 100),PX.REX.REER,,,,,,,,,,,,,,,,,,,,,,,,,,,,,,,,,,,,,,,,,,,,,,,,,,,,,,,,,,,,,,
Sweden,SWE,Real effective exchange rate index (2010 = 100),PX.REX.REER,,,,,,,,,,,,,,,,,,,,143.1945548,147.5508486,147.6990716,133.0047446,120.4754908,126.296887,129.0184397,128.2024593,127.8688388,131.7452113,135.4443586,140.8428884,146.7387735,146.6795365,120.3838442,118.6147526,118.4131292,127.849526,120.8776669,117.0328755,113.8128909,111.1814741,101.9095263,104.6412773,111.6020995,112.1817557,107.1817714,106.3864022,107.7709057,105.1963877,94.80141563,100,105.8376761,105.1221277,106.4420426,100.7841247,93.24342763,93.93867177,93.12260637,89.26404292,85.70396264,87.65450419,90.20018778
Eswatini,SWZ,Real effective exchange rate index (2010 = 100),PX.REX.REER,,,,,,,,,,,,,,,,,,,,,,,,,,,,,,,,,,,,,,,,,,,,,,,,,,,,,,,,,,,,,,
Sint Maarten (Dutch part),SXM,Real effective exchange rate index (2010 = 100),PX.REX.REER,,,,,,,,,,,,,,,,,,,,,,,,,,,,,,,,,,,,,,,,,,,,,,,,,,,,,,,,,,,,,,
Seychelles,SYC,Real effective exchange rate index (2010 = 100),PX.REX.REER,,,,,,,,,,,,,,,,,,,,,,,,,,,,,,,,,,,,,,,,,,,,,,,,,,,,,,,,,,,,,,
Syrian Arab Republic,SYR,Real effective exchange rate index (2010 = 100),PX.REX.REER,,,,,,,,,,,,,,,,,,,,,,,,,,,,,,,,,,,,,,,,,,,,,,,,,,,,,,,,,,,,,,
Turks and Caicos Islands,TCA,Real effective exchange rate index (2010 = 100),PX.REX.REER,,,,,,,,,,,,,,,,,,,,,,,,,,,,,,,,,,,,,,,,,,,,,,,,,,,,,,,,,,,,,,
Chad,TCD,Real effective exchange rate index (2010 = 100),PX.REX.REER,,,,,,,,,,,,,,,,,,,,,,,,,,,,,,,,,,,,,,,,,,,,,,,,,,,,,,,,,,,,,,
East Asia & Pacific (IDA & IBRD countries),TEA,Real effective exchange rate index (2010 = 100),PX.REX.REER,,,,,,,,,,,,,,,,,,,,,,,,,,,,,,,,,,,,,,,,,,,,,,,,,,,,,,,,,,,,,,
Europe & Central Asia (IDA & IBRD countries),TEC,Real effective exchange rate index (2010 = 100),PX.REX.REER,,,,,,,,,,,,,,,,,,,,,,,,,,,,,,,,,,,,,,,,,,,,,,,,,,,,,,,,,,,,,,
Togo,TGO,Real effective exchange rate index (2010 = 100),PX.REX.REER,,,,,,,,,,,,,,,,,,,,,157.0746219,155.7505399,149.3017377,146.7360012,133.2447225,127.4514559,137.1794808,136.2843848,129.3358122,120.4555256,124.6462462,118.3687917,119.7648556,113.6855347,78.87913919,108.8856712,93.54840561,94.26258748,98.29198842,94.09938265,89.86888199,91.53259284,94.92127305,98.3196268,99.10185983,100.7586795,99.38643955,99.8068035,104.5124239,107.2080732,100,100.6905201,96.35115926,98.11065389,99.30065345,94.39174572,95.90914325,95.38874301,96.86999135,94.43285443,96.43664816,97.21437502
Thailand,THA,Real effective exchange rate index (2010 = 100),PX.REX.REER,,,,,,,,,,,,,,,,,,,,,,,,,,,,,,,,,,,,,,,,,,,,,,,,,,,,,,,,,,,,,,
Tajikistan,TJK,Real effective exchange rate index (2010 = 100),PX.REX.REER,,,,,,,,,,,,,,,,,,,,,,,,,,,,,,,,,,,,,,,,,,,,,,,,,,,,,,,,,,,,,,
Turkmenistan,TKM,Real effective exchange rate index (2010 = 100),PX.REX.REER,,,,,,,,,,,,,,,,,,,,,,,,,,,,,,,,,,,,,,,,,,,,,,,,,,,,,,,,,,,,,,
Latin America & the Caribbean (IDA & IBRD countries),TLA,Real effective exchange rate index (2010 = 100),PX.REX.REER,,,,,,,,,,,,,,,,,,,,,,,,,,,,,,,,,,,,,,,,,,,,,,,,,,,,,,,,,,,,,,
Timor-Leste,TLS,Real effective exchange rate index (2010 = 100),PX.REX.REER,,,,,,,,,,,,,,,,,,,,,,,,,,,,,,,,,,,,,,,,,,,,,,,,,,,,,,,,,,,,,,
Middle East & North Africa (IDA & IBRD countries),TMN,Real effective exchange rate index (2010 = 100),PX.REX.REER,,,,,,,,,,,,,,,,,,,,,,,,,,,,,,,,,,,,,,,,,,,,,,,,,,,,,,,,,,,,,,
Tonga,TON,Real effective exchange rate index (2010 = 100),PX.REX.REER,,,,,,,,,,,,,,,,,,,,,,,,,,,,,,,,,,,,,,,,,,,,,,,,,,,,,,,,,,,,,,
South Asia (IDA & IBRD),TSA,Real effective exchange rate index (2010 = 100),PX.REX.REER,,,,,,,,,,,,,,,,,,,,,,,,,,,,,,,,,,,,,,,,,,,,,,,,,,,,,,,,,,,,,,
Sub-Saharan Africa (IDA & IBRD countries),TSS,Real effective exchange rate index (2010 = 100),PX.REX.REER,,,,,,,,,,,,,,,,,,,,,,,,,,,,,,,,,,,,,,,,,,,,,,,,,,,,,,,,,,,,,,
Trinidad and Tobago,TTO,Real effective exchange rate index (2010 = 100),PX.REX.REER,,,,,,,,,,,,,,,,,,,,76.51953306,78.4958354,86.39417298,95.75436343,109.6822541,125.9265747,131.6743691,91.09346894,84.41763722,79.79447858,78.97675666,81.04054076,81.07482165,82.77903922,74.71417314,69.61842046,68.0364734,68.7357312,67.25896743,69.89043652,71.04110382,72.63930149,76.75772919,78.70432312,77.37098684,76.00149341,77.300497,80.44467155,81.89100675,86.78205541,94.83226038,100,98.70588567,107.3161769,111.2181969,117.2431078,131.0885962,129.3769522,126.5291611,124.7029236,126.7902125,127.9715158,123.9537859
Tunisia,TUN,Real effective exchange rate index (2010 = 100),PX.REX.REER,,,,,,,,,,,,,,,,,,,,226.7394654,221.0020675,221.0374769,219.9698829,217.4473306,217.4120548,214.9460706,184.5177239,147.7915273,132.8408418,131.1476539,127.8384619,130.4233159,133.0907454,128.064501,129.106795,131.7747002,131.9662179,131.3519661,131.6983127,132.6784596,130.9946286,128.8941663,127.4559694,121.2870629,116.7453243,111.0580493,108.287722,104.6228494,103.3305356,102.5198533,100,97.7995997,96.38142348,93.5417361,93.47641234,97.48918361,92.50040148,84.40428525,79.22675859,78.39297447,85.16289369,85.79551246
Turkiye,TUR,Real effective exchange rate index (2010 = 100),PX.REX.REER,,,,,,,,,,,,,,,,,,,,,,,,,,,,,,,,,,,,,,,,,,,,,,,,,,,,,,,,,,,,,,
Tuvalu,TUV,Real effective exchange rate index (2010 = 100),PX.REX.REER,,,,,,,,,,,,,,,,,,,,,,,,,,,,,,,,,,,,,,,,,,,,,,,,,,,,,,,,,,,,,,
Tanzania,TZA,Real effective exchange rate index (2010 = 100),PX.REX.REER,,,,,,,,,,,,,,,,,,,,,,,,,,,,,,,,,,,,,,,,,,,,,,,,,,,,,,,,,,,,,,
Uganda,UGA,Real effective exchange rate index (2010 = 100),PX.REX.REER,,,,,,,,,,,,,,,,,,,,,2204.197846,1565.188066,543.2585369,429.7360062,293.6432657,384.6229091,401.5167042,511.2874346,470.0938702,384.9957639,244.3899263,179.4730975,120.2515268,118.7853612,148.4979525,145.1503647,145.5337606,152.5158971,135.6171342,123.4316861,117.0018855,114.1275768,109.2112589,95.84500852,99.4473196,104.1609966,104.3770229,107.9649435,111.3110258,108.3181975,100,93.06653843,103.5816112,104.5083955,106.1416499,100.8809828,96.07887944,93.8033629,90.58666263,93.82892544,95.82020648,98.71247806
Ukraine,UKR,Real effective exchange rate index (2010 = 100),PX.REX.REER,,,,,,,,,,,,,,,,,,,,,,,,,,,,,,,,,,98.46345926,170.4008351,97.87093773,115.6222857,136.7961861,125.023427,98.53094517,97.76280077,108.0647211,103.9343749,95.57800151,93.57430567,103.3120876,107.6004602,108.3617982,117.4234007,97.94183857,100,99.38945191,101.4516167,97.95104133,76.72113844,71.53216461,71.88318405,76.20012441,80.44724593,93.02609348,91.75256425,93.85259108
Upper middle income,UMC,Real effective exchange rate index (2010 = 100),PX.REX.REER,,,,,,,,,,,,,,,,,,,,,,,,,,,,,,,,,,,,,,,,,,,,,,,,,,,,,,,,,,,,,,
Uruguay,URY,Real effective exchange rate index (2010 = 100),PX.REX.REER,,,,,,,,,,,,,,,,,,,,,106.2657326,120.3975886,125.4734527,78.10841532,76.26134412,73.54107386,72.32464874,70.19614486,67.25058792,69.36817388,63.04842352,71.74028847,76.89210141,90.74381276,99.07074956,102.5819583,103.6107154,107.2259434,109.1159349,114.5411194,113.4573877,110.6895805,94.01688418,73.63563715,72.4495157,81.07940633,81.72482621,81.39542667,88.24102745,90.08217113,100,102.0705974,104.8060575,111.1213249,106.8470575,107.4108373,108.8198832,115.7627719,117.5479799,113.8508307,108.5708671,106.2251309
United States,USA,Real effective exchange rate index (2010 = 100),PX.REX.REER,,,,,,,,,,,,,,,,,,,,,105.7064752,116.5382145,130.3560838,136.4637263,144.8721623,149.9955912,125.9556497,113.3937657,107.2213741,110.8762057,105.8351189,104.3702986,101.7808485,104.7470477,104.190769,100.7418717,103.7409387,108.8623222,116.7137623,115.5614209,119.4598263,126.2221594,125.914936,117.9912796,112.4007137,110.8403959,109.9259012,104.8922267,100.4419311,104.6971903,100,95.00911916,97.37073114,97.55715774,99.19675526,109.9064913,114.5682117,114.3390612,113.2070816,116.4489993,117.9699907,115.5810295
Uzbekistan,UZB,Real effective exchange rate index (2010 = 100),PX.REX.REER,,,,,,,,,,,,,,,,,,,,,,,,,,,,,,,,,,,,,,,,,,,,,,,,,,,,,,,,,,,,,,
St. Vincent and the Grenadines,VCT,Real effective exchange rate index (2010 = 100),PX.REX.REER,,,,,,,,,,,,,,,,,,,,112.0713906,111.1624158,117.5314351,121.7494803,126.1677692,128.2071602,126.981502,124.8830834,119.14923,114.9816077,125.2309742,122.5556369,117.371911,111.9011116,119.5528519,116.1974124,109.984241,113.5593602,114.6703599,116.7438171,116.5263383,117.6647163,119.0662311,116.5937686,108.1221763,103.4707179,101.3505527,100.0905761,98.17649894,99.13646061,102.5166348,100,96.77773395,99.75753344,98.55708286,97.95487817,103.7000763,104.421836,104.0715482,102.9270843,105.4989172,103.1706719,99.10542806
"Venezuela, RB",VEN,Real effective exchange rate index (2010 = 100),PX.REX.REER,,,,,,,,,,,,,,,,,,,,,80.56701908,90.34749438,97.68731624,103.467976,72.88218458,72.74722385,68.15999193,42.70446417,52.12006784,41.72063978,36.82530989,39.44163049,41.07236084,43.1845535,41.75957322,51.72607636,42.89738166,54.782575,67.48025356,76.97587709,79.9641085,85.04891979,66.49926263,57.74398299,55.76116924,54.58860351,57.81256059,63.3509758,75.96943535,99.0678679,100,70.80156858,84.98601483,83.24420963,128.9708256,309.792657,741.7784382,,,,,
British Virgin Islands,VGB,Real effective exchange rate index (2010 = 100),PX.REX.REER,,,,,,,,,,,,,,,,,,,,,,,,,,,,,,,,,,,,,,,,,,,,,,,,,,,,,,,,,,,,,,
Virgin Islands (U.S.),VIR,Real effective exchange rate index (2010 = 100),PX.REX.REER,,,,,,,,,,,,,,,,,,,,,,,,,,,,,,,,,,,,,,,,,,,,,,,,,,,,,,,,,,,,,,
Vietnam,VNM,Real effective exchange rate index (2010 = 100),PX.REX.REER,,,,,,,,,,,,,,,,,,,,,,,,,,,,,,,,,,,,,,,,,,,,,,,,,,,,,,,,,,,,,,
Vanuatu,VUT,Real effective exchange rate index (2010 = 100),PX.REX.REER,,,,,,,,,,,,,,,,,,,,,,,,,,,,,,,,,,,,,,,,,,,,,,,,,,,,,,,,,,,,,,
World,WLD,Real effective exchange rate index (2010 = 100),PX.REX.REER,,,,,,,,,,,,,,,,,,,,,,,,,,,,,,,,,,,,,,,,,,,,,,,,,,,,,,,,,,,,,,
Samoa,WSM,Real effective exchange rate index (2010 = 100),PX.REX.REER,,,,,,,,,,,,,,,,,,,,104.0878292,110.3170585,114.68317,116.8766097,107.2158537,102.6868797,93.35541359,86.77808371,83.08131011,83.22022255,80.53244096,84.58652626,77.43266307,79.93936293,78.08820907,83.70466329,76.22030913,78.61454937,83.69318658,83.24351822,78.1435075,74.69001638,76.93893069,81.32441856,80.48070011,89.81437269,88.92301243,88.97145253,90.03857724,92.75098549,100.0104909,100,102.4386772,103.2700849,102.7876349,101.4737046,103.4929318,104.6625132,103.7820084,104.8512264,105.6147693,102.4965196,101.4558668
Kosovo,XKX,Real effective exchange rate index (2010 = 100),PX.REX.REER,,,,,,,,,,,,,,,,,,,,,,,,,,,,,,,,,,,,,,,,,,,,,,,,,,,,,,,,,,,,,,
"Yemen, Rep.",YEM,Real effective exchange rate index (2010 = 100),PX.REX.REER,,,,,,,,,,,,,,,,,,,,,,,,,,,,,,,,,,,,,,,,,,,,,,,,,,,,,,,,,,,,,,
South Africa,ZAF,Real effective exchange rate index (2010 = 100),PX.REX.REER,,,,,,,,,,,,,,,,,,,,151.072139,165.1845088,173.9613036,164.8425165,181.351661,160.0458834,121.4603231,112.1129789,126.6141441,120.4912412,121.365558,125.0323502,129.9398657,134.0901393,131.422283,125.8342721,122.4231267,112.6247617,119.0584975,109.4850127,103.554,100.4045619,88.65500747,75.98964152,98.67587033,104.6014619,104.4821016,98.52276722,92.01466105,80.37554888,87.4719224,100,98.26249409,92.42130185,82.10415241,77.09572715,75.24273166,70.67472654,79.64743452,80.8276609,78.27464908,71.0246329,77.61826138
Zambia,ZMB,Real effective exchange rate index (2010 = 100),PX.REX.REER,,,,,,,,,,,,,,,,,,,,,,,,,,,,,50.32412631,65.10271036,53.2944539,49.21016477,46.98154021,53.35458227,51.23063658,49.17904302,53.70737557,62.19661206,58.13467505,58.22166245,59.7682842,68.35612069,69.98026601,61.94191021,65.13326791,80.41598546,105.622194,97.62021387,112.5897334,95.61784527,100,97.15562268,99.71280577,103.0279264,98.4314377,86.74279911,85.66543268,94.22108601,88.52885033,79.79505255,66.43874047,69.76426944
Zimbabwe,ZWE,Real effective exchange rate index (2010 = 100),PX.REX.REER,,,,,,,,,,,,,,,,,,,,,,,,,,,,,,,,,,,,,,,,,,,,,,,,,,,,,,,,,,,,,,
